UDP_ID,SKU_ID,Sum of Sales,ProductName,Manu,IS PL?,Current Sales Rank,Suggested UDP Rank,July- Pageviews,Aug- Pageviews,Comments
22,465556,253581.3571,1mg Shilajit Pure Natural Extract 500mg Capsule,Tata 1mg Healthcare Solutions Private Limited,1,13,3,120703,115924,done
22,503415,131727.0476,1mg Gokshura Pure Natural Extract 500mg Capsule,Tata 1mg Healthcare Solutions Private Limited,1,38,4,120703,115924,done
45,465533,,Ashwagandha,Tata 1mg Healthcare Solutions Private Limited,1,12,3,88936,74835,done
45,465556,253581.3571,1mg Shilajit Pure Natural Extract 500mg Capsule,Tata 1mg Healthcare Solutions Private Limited,1,22,4,88936,74835,done
12,684767,714100.254,Tata 1mg 3 Ply Surgical Mask with Meltblown Filter and Nose Pin 50 Mask Light Blue,Tata 1mg Healthcare Solutions Private Limited,1,10,4,76836,76926,done
12,723019,551345.6667,Tata 1mg Blood Pressure Monitor Fully Automatic,Tata 1mg Healthcare Solutions Private Limited,1,12,2,76836,76926,done
12,728158,16666.7619,Tata 1mg Knee Support Pair of 2 Large,Tata 1mg Healthcare Solutions Private Limited,1,18,6,76836,76926,done
9,735432,,B Complex,Tata 1mg Healthcare Solutions Private Limited,1,3,4,60367,74437,done
128,503411,1735788.537,Tata 1mg Salmon Omega 3 Fish Oil Capsule,Tata 1mg Healthcare Solutions Private Limited,1,1,1,45807,43360,done
9,555721,1051290.311,"Tata 1mg Women's Multivitamin, Zinc, Vitamin C, Calcium, Vitamin D, and Iron  Immunity Booster Tablet",Tata 1mg Healthcare Solutions Private Limited,1,7,,,,
9,536094,950151.1695,"Tata 1mg Calcium + Vitamin D3, Zinc, Magnesium and Alfalfa Tablets for Joint Health & Immunity",Tata 1mg Healthcare Solutions Private Limited,1,8,,,,
128,536094,950151.1695,"Tata 1mg Calcium + Vitamin D3, Zinc, Magnesium and Alfalfa Tablets for Joint Health & Immunity",Tata 1mg Healthcare Solutions Private Limited,1,5,2,45807,43360,done
128,503409,760143.2655,"Tata 1mg Multivitamin Supreme, Zinc, Calcium and Vitamin D Immunity Booster Capsule",Tata 1mg Healthcare Solutions Private Limited,1,6,3,45807,43360,done
664,503411,1735788.537,Tata 1mg Salmon Omega 3 Fish Oil Capsule,Tata 1mg Healthcare Solutions Private Limited,1,1,1,28491,31708,done
664,555721,1051290.311,"Tata 1mg Women's Multivitamin, Zinc, Vitamin C, Calcium, Vitamin D, and Iron  Immunity Booster Tablet",Tata 1mg Healthcare Solutions Private Limited,1,2,2,28491,31708,done
664,536094,950151.1695,"Tata 1mg Calcium + Vitamin D3, Zinc, Magnesium and Alfalfa Tablets for Joint Health & Immunity",Tata 1mg Healthcare Solutions Private Limited,1,3,3,28491,31708,done
664,503409,760143.2655,"Tata 1mg Multivitamin Supreme, Zinc, Calcium and Vitamin D Immunity Booster Capsule",Tata 1mg Healthcare Solutions Private Limited,1,4,4,28491,31708,done
162,555721,1051290.311,"Tata 1mg Women's Multivitamin, Zinc, Vitamin C, Calcium, Vitamin D, and Iron  Immunity Booster Tablet",Tata 1mg Healthcare Solutions Private Limited,1,2,1,27321,34841,done
162,503409,760143.2655,"Tata 1mg Multivitamin Supreme, Zinc, Calcium and Vitamin D Immunity Booster Capsule",Tata 1mg Healthcare Solutions Private Limited,1,3,2,27321,34841,done
162,555713,555709.2599,"Tata 1mg Senior 50+ Multivitamin & Multimineral Immunity Booster Zinc, Vitamin C, Calcium, and Vitamin D Veg Tablet",Tata 1mg Healthcare Solutions Private Limited,1,6,3,27321,34841,done
925,503409,760143.2655,"Tata 1mg Multivitamin Supreme, Zinc, Calcium and Vitamin D Immunity Booster Capsule",Tata 1mg Healthcare Solutions Private Limited,1,5,1,26429,3737,done
925,684767,714100.254,Tata 1mg 3 Ply Surgical Mask with Meltblown Filter and Nose Pin 50 Mask Light Blue,Tata 1mg Healthcare Solutions Private Limited,1,7,2,26429,3737,done
925,723271,380077.7839,Tata 1mg Digital Thermometer,Tata 1mg Healthcare Solutions Private Limited,1,14,3,26429,3737,done
152,723019,551345.6667,Tata 1mg Blood Pressure Monitor Fully Automatic,Tata 1mg Healthcare Solutions Private Limited,1,2,1,26258,26976,done
6,538067,345298.0395,Tata 1mg Apple Cider Vinegar Probiotic Plus - Raw Unfiltered Unpasteurized with The Mother,Tata 1mg Healthcare Solutions Private Limited,1,6,2,24648,2585,done
51,465556,253581.3571,1mg Shilajit Pure Natural Extract 500mg Capsule,Tata 1mg Healthcare Solutions Private Limited,1,3,1,20008,22812,done
51,503415,131727.0476,1mg Gokshura Pure Natural Extract 500mg Capsule,Tata 1mg Healthcare Solutions Private Limited,1,8,2,20008,22812,done
37,708642,339468.9167,"Tata 1mg Vaporizer-Steam Inhaler, 3 in 1 with Double Wall Safety",Tata 1mg Healthcare Solutions Private Limited,1,2,1,18005,13189,
37,630370,236083.3333,"Tata 1mg Vitamin C+Vitamin D3, Zinc and Amla Extract Chewable Tablet",Tata 1mg Healthcare Solutions Private Limited,1,4,2,18005,13189,
142,702915,,,Tata 1mg Healthcare Solutions Private Limited,1,2,2,17737,12275,
142,778400,,Giloy,Tata 1mg Healthcare Solutions Private Limited,1,3,2,17737,12275,
142,503409,760143.2655,"Tata 1mg Multivitamin Supreme, Zinc, Calcium and Vitamin D Immunity Booster Capsule",Tata 1mg Healthcare Solutions Private Limited,1,4,3,17737,12275,
18,503411,1735788.537,Tata 1mg Salmon Omega 3 Fish Oil Capsule,Tata 1mg Healthcare Solutions Private Limited,1,2,1,17409,24226,done
18,503408,411422.2655,"Tata 1mg Hair, Skin & Nails Supreme Collagen, Biotin, Zinc, Iron and Vitamin B Capsule",Tata 1mg Healthcare Solutions Private Limited,1,32,4,17409,24226,done
20,503408,411422.2655,"Tata 1mg Hair, Skin & Nails Supreme Collagen, Biotin, Zinc, Iron and Vitamin B Capsule",Tata 1mg Healthcare Solutions Private Limited,1,14,3,16700,10912,
163,503411,1735788.537,Tata 1mg Salmon Omega 3 Fish Oil Capsule,Tata 1mg Healthcare Solutions Private Limited,1,1,1,15540,12494,
163,735446,,Cod Liver,Tata 1mg Healthcare Solutions Private Limited,1,6,2,15540,12494,
163,744197,66055.15254,Tata 1mg Flaxseed Oil 1000mg Omega 3 Capsule for Heart Health,Tata 1mg Healthcare Solutions Private Limited,1,12,4,15540,12494,
32,536094,950151.1695,"Tata 1mg Calcium + Vitamin D3, Zinc, Magnesium and Alfalfa Tablets for Joint Health & Immunity",Tata 1mg Healthcare Solutions Private Limited,1,1,1,13682,40536,done
32,535187,483102.6901,"Tata 1mg Glucosamine HCL 1500 mg Tablets for Joint Health with Boswellia Serrata, Collagen Peptide, L-Arginine, and Curcuma Longa",Tata 1mg Healthcare Solutions Private Limited,1,3,2,13682,40536,done
32,603942,158834.5028,1mg Turmeric Curcumin 95% with Piperine Capsule,Tata 1mg Healthcare Solutions Private Limited,1,17,4,13682,40536,done
35,503411,1735788.537,Tata 1mg Salmon Omega 3 Fish Oil Capsule,Tata 1mg Healthcare Solutions Private Limited,1,1,1,13485,6698,
35,723019,551345.6667,Tata 1mg Blood Pressure Monitor Fully Automatic,Tata 1mg Healthcare Solutions Private Limited,1,3,2,13485,6698,
35,603949,117769.7288,"Tata 1mg CoQ 10 Tablet 99% Ubiquinone with Zinc, Omega 3 & L-Arginine for Heart Health",Tata 1mg Healthcare Solutions Private Limited,1,22,4,13485,6698,
905,465556,253581.3571,1mg Shilajit Pure Natural Extract 500mg Capsule,Tata 1mg Healthcare Solutions Private Limited,1,9,2,13443,2484,
905,503415,131727.0476,1mg Gokshura Pure Natural Extract 500mg Capsule,Tata 1mg Healthcare Solutions Private Limited,1,14,3,13443,2484,
30,744188,165894.1582,Tata 1mg Probiotics 30 Billion CFUs+ Capsule with Prebiotic Fibre,Tata 1mg Healthcare Solutions Private Limited,1,33,4,12359,16034,
1013,661706,36829.0452,1mg Diabetes Nutrition Mix Vanilla,Tata 1mg Healthcare Solutions Private Limited,1,18,4,11296,4774,
296,608738,18576.14286,1mg Sanitizing Wipes (70 Each) Buy 3 Get 1 Free,Tata 1mg Healthcare Solutions Private Limited,1,21,4,11136,5943,
5,503411,1735788.537,Tata 1mg Salmon Omega 3 Fish Oil Capsule,Tata 1mg Healthcare Solutions Private Limited,1,1,1,10528,9421,
5,555721,1051290.311,"Tata 1mg Women's Multivitamin, Zinc, Vitamin C, Calcium, Vitamin D, and Iron  Immunity Booster Tablet",Tata 1mg Healthcare Solutions Private Limited,1,4,2,10528,9421,
5,536094,950151.1695,"Tata 1mg Calcium + Vitamin D3, Zinc, Magnesium and Alfalfa Tablets for Joint Health & Immunity",Tata 1mg Healthcare Solutions Private Limited,1,5,4,10528,9421,
1285,551156,602624.4237,Tata 1mg Biotin + Tablet,Tata 1mg Healthcare Solutions Private Limited,1,1,1,10052,517,
1285,723019,551345.6667,Tata 1mg Blood Pressure Monitor Fully Automatic,Tata 1mg Healthcare Solutions Private Limited,1,2,2,10052,517,
1285,723271,380077.7839,Tata 1mg Digital Thermometer,Tata 1mg Healthcare Solutions Private Limited,1,3,3,10052,517,
21,503411,1735788.537,Tata 1mg Salmon Omega 3 Fish Oil Capsule,Tata 1mg Healthcare Solutions Private Limited,1,1,1,9710,4081,
21,536094,950151.1695,"Tata 1mg Calcium + Vitamin D3, Zinc, Magnesium and Alfalfa Tablets for Joint Health & Immunity",Tata 1mg Healthcare Solutions Private Limited,1,2,2,9710,4081,
21,555713,555709.2599,"Tata 1mg Senior 50+ Multivitamin & Multimineral Immunity Booster Zinc, Vitamin C, Calcium, and Vitamin D Veg Tablet",Tata 1mg Healthcare Solutions Private Limited,1,4,3,9710,4081,
21,535187,483102.6901,"Tata 1mg Glucosamine HCL 1500 mg Tablets for Joint Health with Boswellia Serrata, Collagen Peptide, L-Arginine, and Curcuma Longa",Tata 1mg Healthcare Solutions Private Limited,1,5,4,9710,4081,
39,547345,396720.5085,"Tata 1mg Milk Thistle Capsules for Liver Detox, 70% Silymarin with Dandelion & Ginger",Tata 1mg Healthcare Solutions Private Limited,1,2,1,9624,8481,
830,627803,47531.05085,"1mg Active Nutrition Mix with Whey Protein, Vitamin D, Choline and Fiber Vanilla",Tata 1mg Healthcare Solutions Private Limited,1,25,4,9522,8977,
523,551156,602624.4237,Tata 1mg Biotin + Tablet,Tata 1mg Healthcare Solutions Private Limited,1,1,1,9142,9474,
523,503408,411422.2655,"Tata 1mg Hair, Skin & Nails Supreme Collagen, Biotin, Zinc, Iron and Vitamin B Capsule",Tata 1mg Healthcare Solutions Private Limited,1,2,2,9142,9474,
167,723271,380077.7839,Tata 1mg Digital Thermometer,Tata 1mg Healthcare Solutions Private Limited,1,1,1,9024,9449,
121,536094,950151.1695,"Tata 1mg Calcium + Vitamin D3, Zinc, Magnesium and Alfalfa Tablets for Joint Health & Immunity",Tata 1mg Healthcare Solutions Private Limited,1,3,1,8246,8432,
121,735438,,Vitamin D,,1,,3,8246,8432,
888,723019,551345.6667,Tata 1mg Blood Pressure Monitor Fully Automatic,Tata 1mg Healthcare Solutions Private Limited,1,2,1,8139,6968,
888,744188,165894.1582,Tata 1mg Probiotics 30 Billion CFUs+ Capsule with Prebiotic Fibre,Tata 1mg Healthcare Solutions Private Limited,1,4,2,8139,6968,
888,723012,95021.32768,Tata 1mg Biotin + Tablet,Tata 1mg Healthcare Solutions Private Limited,1,5,3,8139,6968,
87,465556,253581.3571,1mg Shilajit Pure Natural Extract 500mg Capsule,Tata 1mg Healthcare Solutions Private Limited,1,2,4,7981,7584,
181,465556,253581.3571,1mg Shilajit Pure Natural Extract 500mg Capsule,Tata 1mg Healthcare Solutions Private Limited,1,9,2,7436,17638,
181,503415,131727.0476,1mg Gokshura Pure Natural Extract 500mg Capsule,Tata 1mg Healthcare Solutions Private Limited,1,20,4,7436,17638,
50,538067,345298.0395,Tata 1mg Apple Cider Vinegar Probiotic Plus - Raw Unfiltered Unpasteurized with The Mother,Tata 1mg Healthcare Solutions Private Limited,1,1,1,7339,14914,
50,503414,37351.19048,1mg Triphala Pure Natural Extract 500mg Capsule,Tata 1mg Healthcare Solutions Private Limited,1,5,2,7339,14914,
186,708642,339468.9167,"Tata 1mg Vaporizer-Steam Inhaler, 3 in 1 with Double Wall Safety",Tata 1mg Healthcare Solutions Private Limited,1,1,1,7161,7689,
186,723030,158427.7619,Tata 1mg Compressor Nebulizer,Tata 1mg Healthcare Solutions Private Limited,1,2,2,7161,7689,
76,465533,193481.9524,1mg Ashwagandha Pure Natural Extract 500mg Capsule,Tata 1mg Healthcare Solutions Private Limited,1,2,4,6996,7361,
34,503411,1735788.537,Tata 1mg Salmon Omega 3 Fish Oil Capsule,Tata 1mg Healthcare Solutions Private Limited,1,3,1,6832,8658,
34,536094,950151.1695,"Tata 1mg Calcium + Vitamin D3, Zinc, Magnesium and Alfalfa Tablets for Joint Health & Immunity",Tata 1mg Healthcare Solutions Private Limited,1,6,2,6832,8658,
34,555713,555709.2599,"Tata 1mg Senior 50+ Multivitamin & Multimineral Immunity Booster Zinc, Vitamin C, Calcium, and Vitamin D Veg Tablet",Tata 1mg Healthcare Solutions Private Limited,1,10,4,6832,8658,
496,555721,1051290.311,"Tata 1mg Women's Multivitamin, Zinc, Vitamin C, Calcium, Vitamin D, and Iron  Immunity Booster Tablet",Tata 1mg Healthcare Solutions Private Limited,1,1,1,6692,3858,
496,503409,760143.2655,"Tata 1mg Multivitamin Supreme, Zinc, Calcium and Vitamin D Immunity Booster Capsule",Tata 1mg Healthcare Solutions Private Limited,1,2,2,6692,3858,
496,551156,602624.4237,Tata 1mg Biotin + Tablet,Tata 1mg Healthcare Solutions Private Limited,1,3,3,6692,3858,
23,555721,1051290.311,"Tata 1mg Women's Multivitamin, Zinc, Vitamin C, Calcium, Vitamin D, and Iron  Immunity Booster Tablet",Tata 1mg Healthcare Solutions Private Limited,1,3,1,6142,3308,
23,551156,602624.4237,Tata 1mg Biotin + Tablet,Tata 1mg Healthcare Solutions Private Limited,1,6,2,6142,3308,
23,503408,411422.2655,"Tata 1mg Hair, Skin & Nails Supreme Collagen, Biotin, Zinc, Iron and Vitamin B Capsule",Tata 1mg Healthcare Solutions Private Limited,1,12,3,6142,3308,
854,503409,760143.2655,"Tata 1mg Multivitamin Supreme, Zinc, Calcium and Vitamin D Immunity Booster Capsule",Tata 1mg Healthcare Solutions Private Limited,1,6,2,6117,505,
854,503408,411422.2655,"Tata 1mg Hair, Skin & Nails Supreme Collagen, Biotin, Zinc, Iron and Vitamin B Capsule",Tata 1mg Healthcare Solutions Private Limited,1,14,3,6117,505,
305,608738,18576.14286,1mg Sanitizing Wipes (70 Each) Buy 3 Get 1 Free,Tata 1mg Healthcare Solutions Private Limited,1,21,4,5943,4554,
161,536094,950151.1695,"Tata 1mg Calcium + Vitamin D3, Zinc, Magnesium and Alfalfa Tablets for Joint Health & Immunity",Tata 1mg Healthcare Solutions Private Limited,1,2,1,5742,7206,
161,551156,602624.4237,Tata 1mg Biotin + Tablet,Tata 1mg Healthcare Solutions Private Limited,1,4,2,5742,7206,
161,535187,483102.6901,"Tata 1mg Glucosamine HCL 1500 mg Tablets for Joint Health with Boswellia Serrata, Collagen Peptide, L-Arginine, and Curcuma Longa",Tata 1mg Healthcare Solutions Private Limited,1,5,3,5742,7206,
161,630370,236083.3333,"Tata 1mg Vitamin C+Vitamin D3, Zinc and Amla Extract Chewable Tablet",Tata 1mg Healthcare Solutions Private Limited,1,7,4,5742,7206,
94,555721,1051290.311,"Tata 1mg Women's Multivitamin, Zinc, Vitamin C, Calcium, Vitamin D, and Iron  Immunity Booster Tablet",Tata 1mg Healthcare Solutions Private Limited,1,4,1,5739,5988,
94,536094,950151.1695,"Tata 1mg Calcium + Vitamin D3, Zinc, Magnesium and Alfalfa Tablets for Joint Health & Immunity",Tata 1mg Healthcare Solutions Private Limited,1,5,2,5739,5988,
94,503409,760143.2655,"Tata 1mg Multivitamin Supreme, Zinc, Calcium and Vitamin D Immunity Booster Capsule",Tata 1mg Healthcare Solutions Private Limited,1,7,3,5739,5988,
165,551156,602624.4237,Tata 1mg Biotin + Tablet,Tata 1mg Healthcare Solutions Private Limited,1,2,1,5724,6327,
507,503409,760143.2655,"Tata 1mg Multivitamin Supreme, Zinc, Calcium and Vitamin D Immunity Booster Capsule",Tata 1mg Healthcare Solutions Private Limited,1,1,1,5586,8260,
507,628380,57750.0113,1mg Super Antioxidant Multiminerals with Betacarotene Capsule,Tata 1mg Healthcare Solutions Private Limited,1,13,4,5586,8260,
148,538067,345298.0395,Tata 1mg Apple Cider Vinegar Probiotic Plus - Raw Unfiltered Unpasteurized with The Mother,Tata 1mg Healthcare Solutions Private Limited,1,1,1,5396,3939,
734,630370,472166.6667,"Tata 1mg Vitamin C+Vitamin D3, Zinc and Amla Extract Chewable Tablet",Tata 1mg Healthcare Solutions Private Limited,1,2,1,5258,5575,
734,628380,57750.0113,1mg Super Antioxidant Multiminerals with Betacarotene Capsule,Tata 1mg Healthcare Solutions Private Limited,1,11,2,5258,5575,
52,503411,1735788.537,Tata 1mg Salmon Omega 3 Fish Oil Capsule,Tata 1mg Healthcare Solutions Private Limited,1,1,1,5047,4961,
52,603942,158834.5028,1mg Turmeric Curcumin 95% with Piperine Capsule,Tata 1mg Healthcare Solutions Private Limited,1,10,2,5047,4961,
52,623697,59243.10169,"Tata 1mg Glucosamine HCL 1500 mg Tablets for Joint Health with Boswellia Serrata, Collagen Peptide, L-Arginine, and Curcuma Longa",Tata 1mg Healthcare Solutions Private Limited,1,37,4,5047,4961,
707,684767,2142300.762,Tata 1mg 3 Ply Surgical Mask with Meltblown Filter and Nose Pin 50 Mask Light Blue,Tata 1mg Healthcare Solutions Private Limited,1,6,2,4852,4081,
707,555721,1051290.311,"Tata 1mg Women's Multivitamin, Zinc, Vitamin C, Calcium, Vitamin D, and Iron  Immunity Booster Tablet",Tata 1mg Healthcare Solutions Private Limited,1,29,4,4852,4081,
46,640252,19754.18644,1mg Fenugreek Oil Gluten Free for Blood Sugar Management 500mg Capsule,Tata 1mg Healthcare Solutions Private Limited,1,29,4,4664,4700,
54,465533,193481.9524,1mg Ashwagandha Pure Natural Extract 500mg Capsule,Tata 1mg Healthcare Solutions Private Limited,1,4,1,4420,4683,
54,603943,42902.44068,"1mg Max Energy Capsule with Ginseng, Ashwagandha & Green Coffee Beans",Tata 1mg Healthcare Solutions Private Limited,1,29,4,4420,4683,
382,661700,23752.52381,1mg Hydration Drink Mix Electrolytes Orange,Tata 1mg Healthcare Solutions Private Limited,1,36,4,4315,2551,
55,635359,133313.6071,Tata 1mg Cold Pressed Karela Jamun Juice Supports Healthy Blood Sugar Levels Enriched with Jamun Seed Extract,Tata 1mg Healthcare Solutions Private Limited,1,5,1,4043,3993,
55,635348,93767.85714,Tata 1mg Cold Pressed Amla Juice Natural Immunity Booster Rich in Vitamin C,Tata 1mg Healthcare Solutions Private Limited,1,10,2,4043,3993,
55,640362,87394.01695,Tata 1mg Ceylon Cinnamon 10:1 Ratio Extract for Blood Sugar Management 200mg Capsule,Tata 1mg Healthcare Solutions Private Limited,1,11,4,4043,3993,
654,503409,760143.2655,"Tata 1mg Multivitamin Supreme, Zinc, Calcium and Vitamin D Immunity Booster Capsule",Tata 1mg Healthcare Solutions Private Limited,1,2,1,3964,3261,
654,465556,253581.3571,1mg Shilajit Pure Natural Extract 500mg Capsule,Tata 1mg Healthcare Solutions Private Limited,1,8,2,3964,3261,
53,547345,396720.5085,"Tata 1mg Milk Thistle Capsules for Liver Detox, 70% Silymarin with Dandelion & Ginger",Tata 1mg Healthcare Solutions Private Limited,1,2,1,3828,3939,
1276,684767,714100.254,Tata 1mg 3 Ply Surgical Mask with Meltblown Filter and Nose Pin 50 Mask Light Blue,Tata 1mg Healthcare Solutions Private Limited,1,1,1,3610,6616,
1276,723019,551345.6667,Tata 1mg Blood Pressure Monitor Fully Automatic,Tata 1mg Healthcare Solutions Private Limited,1,2,2,3610,6616,
1276,723271,380077.7839,Tata 1mg Digital Thermometer,Tata 1mg Healthcare Solutions Private Limited,1,3,3,3610,6616,
96,555721,1051290.311,"Tata 1mg Women's Multivitamin, Zinc, Vitamin C, Calcium, Vitamin D, and Iron  Immunity Booster Tablet",Tata 1mg Healthcare Solutions Private Limited,1,2,1,3579,3819,
96,695704,201983.0226,"Tata 1mg Women's Multivitamin, Zinc, Vitamin C, Calcium, Vitamin D, and Iron  Immunity Booster Tablet",Tata 1mg Healthcare Solutions Private Limited,1,5,2,3579,3819,
96,555751,183038.8247,"1mg Sports Multivitamin Energy & Immunity Booster Zinc, Vitamin C, Vitamin D, Calcium and Iron Tablet",Tata 1mg Healthcare Solutions Private Limited,1,7,3,3579,3819,
96,640158,40148.44633,"Tata 1mg Hair, Skin & Nails Supreme Collagen, Biotin, Zinc, Iron and Vitamin B Capsule",Tata 1mg Healthcare Solutions Private Limited,1,23,4,3579,3819,
174,541676,192843.9167,Tata 1mg Noni Juice Plus Immunity Booster & Joint Health Support Rich in Antioxidants,Tata 1mg Healthcare Solutions Private Limited,1,2,1,3508,2529,
174,635345,186683.0238,Tata 1mg Cold Pressed Aloe Vera Juice Rejuvenates Skin & Hair with Extra Fibre,Tata 1mg Healthcare Solutions Private Limited,1,3,2,3508,2529,
174,635359,133313.6071,Tata 1mg Cold Pressed Karela Jamun Juice Supports Healthy Blood Sugar Levels Enriched with Jamun Seed Extract,Tata 1mg Healthcare Solutions Private Limited,1,7,4,3508,2529,
667,605260,16088.73016,1mg Giloy 500mg Capsule,Tata 1mg Healthcare Solutions Private Limited,1,11,3,3505,4548,
277,684767,714100.254,Tata 1mg 3 Ply Surgical Mask with Meltblown Filter and Nose Pin 50 Mask Light Blue,Tata 1mg Healthcare Solutions Private Limited,1,1,1,3456,699,
277,701787,159285.7143,Tata 1mg BIS Approved FFP2 N95 Mask White - Ear Loop 5 Layer,Tata 1mg Healthcare Solutions Private Limited,1,3,2,3456,699,
277,712569,133846.0476,Tata 1mg 3 Ply Surgical Mask with Meltblown Filter and Nose Pin 50 Mask Black,Tata 1mg Healthcare Solutions Private Limited,1,5,3,3456,699,
624,744188,165894.1582,Tata 1mg Probiotics 30 Billion CFUs+ Capsule with Prebiotic Fibre,Tata 1mg Healthcare Solutions Private Limited,1,7,1,3434,3956,
14,684767,714100.254,Tata 1mg 3 Ply Surgical Mask with Meltblown Filter and Nose Pin 50 Mask Light Blue,Tata 1mg Healthcare Solutions Private Limited,1,1,1,3245,4646,
14,708642,339468.9167,"Tata 1mg Vaporizer-Steam Inhaler, 3 in 1 with Double Wall Safety",Tata 1mg Healthcare Solutions Private Limited,1,3,2,3245,4646,
14,701787,159285.7143,Tata 1mg BIS Approved FFP2 N95 Mask White - Ear Loop 5 Layer,Tata 1mg Healthcare Solutions Private Limited,1,10,3,3245,4646,
226,608737,14771.52381,1mg Sanitizing Wipes (70 Each) Pack of 2,Tata 1mg Healthcare Solutions Private Limited,1,15,3,3229,859,
165,535187,483102.6901,"Tata 1mg Glucosamine HCL 1500 mg Tablets for Joint Health with Boswellia Serrata, Collagen Peptide, L-Arginine, and Curcuma Longa",Tata 1mg Healthcare Solutions Private Limited,1,3,,,,
165,630370,236083.3333,"Tata 1mg Vitamin C+Vitamin D3, Zinc and Amla Extract Chewable Tablet",Tata 1mg Healthcare Solutions Private Limited,1,8,,,,
165,695704,201983.0226,"Tata 1mg Women's Multivitamin, Zinc, Vitamin C, Calcium, Vitamin D, and Iron  Immunity Booster Tablet",Tata 1mg Healthcare Solutions Private Limited,1,9,,,,
28,547345,396720.5085,"Tata 1mg Milk Thistle Capsules for Liver Detox, 70% Silymarin with Dandelion & Ginger",Tata 1mg Healthcare Solutions Private Limited,1,28,4,3117,3120,
1304,547345,396720.5085,"Tata 1mg Milk Thistle Capsules for Liver Detox, 70% Silymarin with Dandelion & Ginger",Tata 1mg Healthcare Solutions Private Limited,1,1,1,3099,648,
1304,465556,253581.3571,1mg Shilajit Pure Natural Extract 500mg Capsule,Tata 1mg Healthcare Solutions Private Limited,1,2,2,3099,648,
1304,465533,193481.9524,1mg Ashwagandha Pure Natural Extract 500mg Capsule,Tata 1mg Healthcare Solutions Private Limited,1,3,3,3099,648,
1047,541676,192843.9167,Tata 1mg Noni Juice Plus Immunity Booster & Joint Health Support Rich in Antioxidants,Tata 1mg Healthcare Solutions Private Limited,1,2,1,2987,2970,
1047,635345,186683.0238,Tata 1mg Cold Pressed Aloe Vera Juice Rejuvenates Skin & Hair with Extra Fibre,Tata 1mg Healthcare Solutions Private Limited,1,3,2,2987,2970,
1047,635359,133313.6071,Tata 1mg Cold Pressed Karela Jamun Juice Supports Healthy Blood Sugar Levels Enriched with Jamun Seed Extract,Tata 1mg Healthcare Solutions Private Limited,1,7,4,2987,2970,
675,701787,159285.7143,Tata 1mg BIS Approved FFP2 N95 Mask White - Ear Loop 5 Layer,Tata 1mg Healthcare Solutions Private Limited,1,1,1,2966,2029,
675,684769,116976.6825,Tata 1mg BIS Approved FFP2 N95 Mask White - Ear Loop 5 Layer,Tata 1mg Healthcare Solutions Private Limited,1,2,2,2966,2029,
675,692293,108190.2698,Tata 1mg BIS Approved FFP2 N95 Mask for Kids 5 Mask,Tata 1mg Healthcare Solutions Private Limited,1,3,3,2966,2029,
420,555721,1051290.311,"Tata 1mg Women's Multivitamin, Zinc, Vitamin C, Calcium, Vitamin D, and Iron  Immunity Booster Tablet",Tata 1mg Healthcare Solutions Private Limited,1,1,1,2923,4948,
420,735516,,Minositol,Tata 1mg Healthcare Solutions Private Limited,1,4,4,2923,4948,
581,503413,70352.42857,1mg Karela Pure Natural Extract 500mg Capsule,Tata 1mg Healthcare Solutions Private Limited,1,6,2,2811,2282,
42,465533,193481.9524,1mg Ashwagandha Pure Natural Extract 500mg Capsule,Tata 1mg Healthcare Solutions Private Limited,1,15,3,2484,9542,
42,710972,176195.1186,Tata 1mg Melatonin 10mg Vegetarian Capsule for Calm & Restful Sleep,Tata 1mg Healthcare Solutions Private Limited,1,20,4,2484,9542,
788,547345,396720.5085,"Tata 1mg Milk Thistle Capsules for Liver Detox, 70% Silymarin with Dandelion & Ginger",Tata 1mg Healthcare Solutions Private Limited,1,1,1,2434,1987,
186,,,1mg Compressor Nebulizer with Unique Virtual Valve Technology,Tata 1mg Healthcare Solutions Private Limited,1,7,,,,
788,465556,253581.3571,1mg Shilajit Pure Natural Extract 500mg Capsule,Tata 1mg Healthcare Solutions Private Limited,1,2,2,2434,1987,
788,465533,193481.9524,1mg Ashwagandha Pure Natural Extract 500mg Capsule,Tata 1mg Healthcare Solutions Private Limited,1,3,3,2434,1987,
77,728146,38366.19048,Tata 1mg Cotton Crepe Bandage 8cm,Tata 1mg Healthcare Solutions Private Limited,1,2,1,2384,1952,
77,728149,34067.0119,Tata 1mg Cotton Crepe Bandage 10cm,Tata 1mg Healthcare Solutions Private Limited,1,3,2,2384,1952,
77,728158,16666.7619,Tata 1mg Knee Support Pair of 2 Large,Tata 1mg Healthcare Solutions Private Limited,1,6,4,2384,1952,
1277,503411,1735788.537,Tata 1mg Salmon Omega 3 Fish Oil Capsule,Tata 1mg Healthcare Solutions Private Limited,1,1,1,2383,3301,
1277,555721,1051290.311,"Tata 1mg Women's Multivitamin, Zinc, Vitamin C, Calcium, Vitamin D, and Iron  Immunity Booster Tablet",Tata 1mg Healthcare Solutions Private Limited,1,2,2,2383,3301,
1277,536094,950151.1695,"Tata 1mg Calcium + Vitamin D3, Zinc, Magnesium and Alfalfa Tablets for Joint Health & Immunity",Tata 1mg Healthcare Solutions Private Limited,1,3,3,2383,3301,
1277,503409,760143.2655,"Tata 1mg Multivitamin Supreme, Zinc, Calcium and Vitamin D Immunity Booster Capsule",Tata 1mg Healthcare Solutions Private Limited,1,4,4,2383,3301,
947,503411,3471577.073,Tata 1mg Salmon Omega 3 Fish Oil Capsule,Tata 1mg Healthcare Solutions Private Limited,1,3,1,2369,2123,
947,538067,1381192.158,Tata 1mg Apple Cider Vinegar Probiotic Plus - Raw Unfiltered Unpasteurized with The Mother,Tata 1mg Healthcare Solutions Private Limited,1,10,2,2369,2123,
947,536094,950151.1695,"Tata 1mg Calcium + Vitamin D3, Zinc, Magnesium and Alfalfa Tablets for Joint Health & Immunity",Tata 1mg Healthcare Solutions Private Limited,1,13,3,2369,2123,
898,728146,38366.19048,Tata 1mg Cotton Crepe Bandage 8cm,Tata 1mg Healthcare Solutions Private Limited,1,5,1,2343,2005,
898,728149,34067.0119,Tata 1mg Cotton Crepe Bandage 10cm,Tata 1mg Healthcare Solutions Private Limited,1,6,2,2343,2005,
848,778397,,Aloe Vera,Tata 1mg Healthcare Solutions Private Limited,1,1,1,2247,2491,
1038,551156,602624.4237,Tata 1mg Biotin + Tablet,Tata 1mg Healthcare Solutions Private Limited,1,5,1,2084,1997,
1038,503408,411422.2655,"Tata 1mg Hair, Skin & Nails Supreme Collagen, Biotin, Zinc, Iron and Vitamin B Capsule",Tata 1mg Healthcare Solutions Private Limited,1,7,2,2084,1997,
399,503408,411422.2655,"Tata 1mg Hair, Skin & Nails Supreme Collagen, Biotin, Zinc, Iron and Vitamin B Capsule",Tata 1mg Healthcare Solutions Private Limited,1,23,4,2001,1961,
693,735446,16847.33333,Tata 1mg Cod liver Oil Capsule,Tata 1mg Healthcare Solutions Private Limited,1,6,2,1871,1994,
642,728146,38366.19048,Tata 1mg Cotton Crepe Bandage 8cm,Tata 1mg Healthcare Solutions Private Limited,1,5,1,1858,2264,
642,728149,34067.0119,Tata 1mg Cotton Crepe Bandage 10cm,Tata 1mg Healthcare Solutions Private Limited,1,6,2,1858,2264,
642,728158,16666.7619,Tata 1mg Knee Support Pair of 2 Large,Tata 1mg Healthcare Solutions Private Limited,1,11,4,1858,2264,
306,503414,37351.19048,1mg Triphala Pure Natural Extract 500mg Capsule,Tata 1mg Healthcare Solutions Private Limited,1,8,4,1845,1816,
584,503413,70352.42857,1mg Karela Pure Natural Extract 500mg Capsule,Tata 1mg Healthcare Solutions Private Limited,1,17,4,1817,1912,
403,536094,950151.1695,"Tata 1mg Calcium + Vitamin D3, Zinc, Magnesium and Alfalfa Tablets for Joint Health & Immunity",Tata 1mg Healthcare Solutions Private Limited,1,2,1,1755,1868,
403,503409,760143.2655,"Tata 1mg Multivitamin Supreme, Zinc, Calcium and Vitamin D Immunity Booster Capsule",Tata 1mg Healthcare Solutions Private Limited,1,4,2,1755,1868,
403,630370,236083.3333,"Tata 1mg Vitamin C+Vitamin D3, Zinc and Amla Extract Chewable Tablet",Tata 1mg Healthcare Solutions Private Limited,1,27,4,1755,1868,
304,684767,714100.254,Tata 1mg 3 Ply Surgical Mask with Meltblown Filter and Nose Pin 50 Mask Light Blue,Tata 1mg Healthcare Solutions Private Limited,1,1,1,1728,1257,
304,712569,133846.0476,Tata 1mg 3 Ply Surgical Mask with Meltblown Filter and Nose Pin 50 Mask Black,Tata 1mg Healthcare Solutions Private Limited,1,4,2,1728,1257,
508,628380,57750.0113,1mg Super Antioxidant Multiminerals with Betacarotene Capsule,Tata 1mg Healthcare Solutions Private Limited,1,3,1,1721,1799,
849,778398,93767.85714,Amla,Tata 1mg Healthcare Solutions Private Limited,1,1,1,1718,1723,
637,630381,157652.4802,Tata 1mg Ortho Electric Heating Gel Pad with Auto-Cut & Quick Heating Feature,Tata 1mg Healthcare Solutions Private Limited,1,1,1,1678,2002,
363,541676,192843.9167,Tata 1mg Noni Juice Plus Immunity Booster & Joint Health Support Rich in Antioxidants,Tata 1mg Healthcare Solutions Private Limited,1,35,4,1675,1305,
1331,728146,38366.19048,Tata 1mg Cotton Crepe Bandage 8cm,Tata 1mg Healthcare Solutions Private Limited,1,1,1,1646,1798,
1331,728149,34067.0119,Tata 1mg Cotton Crepe Bandage 10cm,Tata 1mg Healthcare Solutions Private Limited,1,2,2,1646,1798,
1331,728134,13349.66667,Tata 1mg Cotton Crepe Bandage 6cm,Tata 1mg Healthcare Solutions Private Limited,1,3,3,1646,1798,
146,648241,51519.38843,"1mg Chelated Magnesium Plus Zinc, Lysine Hydrochloride & Vitamin B6 with High Absorption Tablet",Tata 1mg Healthcare Solutions Private Limited,1,20,4,1569,404,
1167,710972,176195.1186,Tata 1mg Melatonin 10mg Vegetarian Capsule for Calm & Restful Sleep,Tata 1mg Healthcare Solutions Private Limited,1,1,1,1541,1596,
912,541676,192843.9167,Tata 1mg Noni Juice Plus Immunity Booster & Joint Health Support Rich in Antioxidants,Tata 1mg Healthcare Solutions Private Limited,1,25,4,1519,1035,
1137,503414,37351.19048,1mg Triphala Pure Natural Extract 500mg Capsule,Tata 1mg Healthcare Solutions Private Limited,1,10,2,1498,1822,
8,538067,345298.0395,Tata 1mg Apple Cider Vinegar Probiotic Plus - Raw Unfiltered Unpasteurized with The Mother,Tata 1mg Healthcare Solutions Private Limited,1,1,1,1491,8385,
8,744188,165894.1582,Tata 1mg Probiotics 30 Billion CFUs+ Capsule with Prebiotic Fibre,Tata 1mg Healthcare Solutions Private Limited,1,8,2,1491,8385,
8,555713,,"Tata 1mg Senior 50+ Multivitamin & Multimineral Immunity Booster Zinc, Vitamin C, Calcium, and Vitamin D Veg Tablet",Tata 1mg Healthcare Solutions Private Limited,1,16,1,1491,8385,
430,684767,714100.254,Tata 1mg 3 Ply Surgical Mask with Meltblown Filter and Nose Pin 50 Mask Light Blue,Tata 1mg Healthcare Solutions Private Limited,1,6,2,1457,1555,
430,708642,339468.9167,"Tata 1mg Vaporizer-Steam Inhaler, 3 in 1 with Double Wall Safety",Tata 1mg Healthcare Solutions Private Limited,1,9,4,1457,1555,
894,536094,950151.1695,"Tata 1mg Calcium + Vitamin D3, Zinc, Magnesium and Alfalfa Tablets for Joint Health & Immunity",Tata 1mg Healthcare Solutions Private Limited,1,1,1,1405,809,
894,535187,483102.6901,"Tata 1mg Glucosamine HCL 1500 mg Tablets for Joint Health with Boswellia Serrata, Collagen Peptide, L-Arginine, and Curcuma Longa",Tata 1mg Healthcare Solutions Private Limited,1,3,2,1405,809,
894,603942,158834.5028,1mg Turmeric Curcumin 95% with Piperine Capsule,Tata 1mg Healthcare Solutions Private Limited,1,17,4,1405,809,
578,538067,345298.0395,Tata 1mg Apple Cider Vinegar Probiotic Plus - Raw Unfiltered Unpasteurized with The Mother,Tata 1mg Healthcare Solutions Private Limited,1,1,1,1381,692,
578,541676,192843.9167,Tata 1mg Noni Juice Plus Immunity Booster & Joint Health Support Rich in Antioxidants,Tata 1mg Healthcare Solutions Private Limited,1,2,2,1381,692,
689,535187,483102.6901,"Tata 1mg Glucosamine HCL 1500 mg Tablets for Joint Health with Boswellia Serrata, Collagen Peptide, L-Arginine, and Curcuma Longa",Tata 1mg Healthcare Solutions Private Limited,1,1,1,1379,1654,
689,623697,59243.10169,"Tata 1mg Glucosamine HCL 1500 mg Tablets for Joint Health with Boswellia Serrata, Collagen Peptide, L-Arginine, and Curcuma Longa",Tata 1mg Healthcare Solutions Private Limited,1,6,2,1379,1654,
395,503411,6943154.147,Tata 1mg Salmon Omega 3 Fish Oil Capsule,Tata 1mg Healthcare Solutions Private Limited,1,1,1,1355,1238,
395,538067,1381192.158,Tata 1mg Apple Cider Vinegar Probiotic Plus - Raw Unfiltered Unpasteurized with The Mother,Tata 1mg Healthcare Solutions Private Limited,1,5,2,1355,1238,
395,536094,950151.1695,"Tata 1mg Calcium + Vitamin D3, Zinc, Magnesium and Alfalfa Tablets for Joint Health & Immunity",Tata 1mg Healthcare Solutions Private Limited,1,9,3,1355,1238,
1148,465533,193481.9524,1mg Ashwagandha Pure Natural Extract 500mg Capsule,Tata 1mg Healthcare Solutions Private Limited,1,1,1,1307,1841,
1148,710972,176195.1186,Tata 1mg Melatonin 10mg Vegetarian Capsule for Calm & Restful Sleep,Tata 1mg Healthcare Solutions Private Limited,1,2,2,1307,1841,
579,640362,87394.01695,Tata 1mg Ceylon Cinnamon 10:1 Ratio Extract for Blood Sugar Management 200mg Capsule,Tata 1mg Healthcare Solutions Private Limited,1,5,1,1298,729,
1151,710972,176195.1186,Tata 1mg Melatonin 10mg Vegetarian Capsule for Calm & Restful Sleep,Tata 1mg Healthcare Solutions Private Limited,1,1,1,1289,1616,
157,728146,38366.19048,Tata 1mg Cotton Crepe Bandage 8cm,Tata 1mg Healthcare Solutions Private Limited,1,3,1,1270,1897,
157,734459,,Gloves,,1,4,4,1270,1897,
157,728158,16666.7619,Tata 1mg Knee Support Pair of 2 Large,Tata 1mg Healthcare Solutions Private Limited,1,6,2,1270,1897,
875,708642,339468.9167,"Tata 1mg Vaporizer-Steam Inhaler, 3 in 1 with Double Wall Safety",Tata 1mg Healthcare Solutions Private Limited,1,1,1,1224,1103,
398,734459,56250.11905,Tata 1mg Latex Non-Sterile Gloves,Tata 1mg Healthcare Solutions Private Limited,1,1,1,1211,615,
907,555751,183038.8247,"1mg Sports Multivitamin Energy & Immunity Booster Zinc, Vitamin C, Vitamin D, Calcium and Iron Tablet",Tata 1mg Healthcare Solutions Private Limited,1,1,1,1188,1474,
158,684767,714100.254,Tata 1mg 3 Ply Surgical Mask with Meltblown Filter and Nose Pin 50 Mask Light Blue,Tata 1mg Healthcare Solutions Private Limited,1,1,1,1178,1150,
158,701787,159285.7143,Tata 1mg BIS Approved FFP2 N95 Mask White - Ear Loop 5 Layer,Tata 1mg Healthcare Solutions Private Limited,1,3,2,1178,1150,
158,712569,133846.0476,Tata 1mg 3 Ply Surgical Mask with Meltblown Filter and Nose Pin 50 Mask Black,Tata 1mg Healthcare Solutions Private Limited,1,5,4,1178,1150,
1138,503413,70352.42857,1mg Karela Pure Natural Extract 500mg Capsule,Tata 1mg Healthcare Solutions Private Limited,1,9,2,1165,1384,
1138,503414,37351.19048,1mg Triphala Pure Natural Extract 500mg Capsule,Tata 1mg Healthcare Solutions Private Limited,1,17,4,1165,1384,
625,648240,17292.44633,1mg L-Arginine Extra Strength Non GMO Capsule Supports Heart Health 500mg Per Serving,Tata 1mg Healthcare Solutions Private Limited,1,27,4,1153,1085,
683,699665,63574.42857,Tata 1mg BIS Approved FFP2 N95 Mask Black with Adjustable Ear Loop 2 Mask,Tata 1mg Healthcare Solutions Private Limited,1,1,1,1147,636,
1159,536094,950151.1695,"Tata 1mg Calcium + Vitamin D3, Zinc, Magnesium and Alfalfa Tablets for Joint Health & Immunity",Tata 1mg Healthcare Solutions Private Limited,1,2,1,1143,1496,
1159,623696,227132.8305,"Tata 1mg Calcium + Vitamin D3, Zinc, Magnesium and Alfalfa Tablets for Joint Health & Immunity",Tata 1mg Healthcare Solutions Private Limited,1,27,4,1143,1496,
797,623696,227132.8305,"Tata 1mg Calcium + Vitamin D3, Zinc, Magnesium and Alfalfa Tablets for Joint Health & Immunity",Tata 1mg Healthcare Solutions Private Limited,1,19,4,1131,1377,
249,735521,,"Tata 1mg CoQ 10 Tablet 99% Ubiquinone with Zinc, Omega 3 & L-Arginine for Heart Health",Tata 1mg Healthcare Solutions Private Limited,1,7,4,1105,1197,
249,628380,57750.0113,1mg Super Antioxidant Multiminerals with Betacarotene Capsule,Tata 1mg Healthcare Solutions Private Limited,1,13,1,1105,1197,
847,635359,133313.6071,Tata 1mg Cold Pressed Karela Jamun Juice Supports Healthy Blood Sugar Levels Enriched with Jamun Seed Extract,Tata 1mg Healthcare Solutions Private Limited,1,3,1,1066,978,
184,684767,714100.254,Tata 1mg 3 Ply Surgical Mask with Meltblown Filter and Nose Pin 50 Mask Light Blue,Tata 1mg Healthcare Solutions Private Limited,1,1,1,1057,471,
184,701787,159285.7143,Tata 1mg BIS Approved FFP2 N95 Mask White - Ear Loop 5 Layer,Tata 1mg Healthcare Solutions Private Limited,1,2,2,1057,471,
523,,,Tata 1mg Biotin + Tablet,Tata 1mg Healthcare Solutions Private Limited,1,7,,,,
184,712569,133846.0476,Tata 1mg 3 Ply Surgical Mask with Meltblown Filter and Nose Pin 50 Mask Black,Tata 1mg Healthcare Solutions Private Limited,1,4,3,1057,471,
962,608738,18576.14286,1mg Sanitizing Wipes (70 Each) Buy 3 Get 1 Free,Tata 1mg Healthcare Solutions Private Limited,1,4,1,1053,365,
962,608737,14771.52381,1mg Sanitizing Wipes (70 Each) Pack of 2,Tata 1mg Healthcare Solutions Private Limited,1,5,2,1053,365,
726,547345,396720.5085,"Tata 1mg Milk Thistle Capsules for Liver Detox, 70% Silymarin with Dandelion & Ginger",Tata 1mg Healthcare Solutions Private Limited,1,2,1,1052,769,
726,465556,253581.3571,1mg Shilajit Pure Natural Extract 500mg Capsule,Tata 1mg Healthcare Solutions Private Limited,1,4,2,1052,769,
726,465533,193481.9524,1mg Ashwagandha Pure Natural Extract 500mg Capsule,Tata 1mg Healthcare Solutions Private Limited,1,7,4,1052,769,
727,628744,6118.937853,"1mg Body Lotion with Shea Butter, Vitamin E, Prebiotics and Active Silver Nanoparticles for Germ Protection",Tata 1mg Healthcare Solutions Private Limited,1,20,4,1037,1019,
214,648242,91911.0452,"Tata 1mg Brain Formula with Vitamin B Complex, L-Tyrosine, L-Theanine, Brahmi, Ginkgo and Pine Bark Extract Capsule",Tata 1mg Healthcare Solutions Private Limited,1,2,1,1030,995,
1096,603942,158834.5028,1mg Turmeric Curcumin 95% with Piperine Capsule,Tata 1mg Healthcare Solutions Private Limited,1,6,2,978,987,
1096,503413,70352.42857,1mg Karela Pure Natural Extract 500mg Capsule,Tata 1mg Healthcare Solutions Private Limited,1,16,4,978,987,
213,547345,396720.5085,"Tata 1mg Milk Thistle Capsules for Liver Detox, 70% Silymarin with Dandelion & Ginger",Tata 1mg Healthcare Solutions Private Limited,1,1,1,956,987,
852,635355,56163.83333,Tata 1mg Cold Pressed Giloy Tulsi Juice Natural Immunity Booster Enriched with Tulsi Juice,Tata 1mg Healthcare Solutions Private Limited,1,2,1,944,1118,
1150,465533,193481.9524,1mg Ashwagandha Pure Natural Extract 500mg Capsule,Tata 1mg Healthcare Solutions Private Limited,1,2,1,914,1356,
853,541676,192843.9167,Tata 1mg Noni Juice Plus Immunity Booster & Joint Health Support Rich in Antioxidants,Tata 1mg Healthcare Solutions Private Limited,1,1,1,900,908,
261,614268,45950.79762,1mg Panch Tulsi Drops,Tata 1mg Healthcare Solutions Private Limited,1,2,1,892,1019,
234,555713,555709.2599,"Tata 1mg Senior 50+ Multivitamin & Multimineral Immunity Booster Zinc, Vitamin C, Calcium, and Vitamin D Veg Tablet",Tata 1mg Healthcare Solutions Private Limited,1,1,1,881,1465,
234,535187,,Glucosamine,Tata 1mg Healthcare Solutions Private Limited,1,3,2,881,1465,
690,640158,40148.44633,"Tata 1mg Hair, Skin & Nails Supreme Collagen, Biotin, Zinc, Iron and Vitamin B Capsule",Tata 1mg Healthcare Solutions Private Limited,1,4,1,876,1054,
902,547345,396720.5085,"Tata 1mg Milk Thistle Capsules for Liver Detox, 70% Silymarin with Dandelion & Ginger",Tata 1mg Healthcare Solutions Private Limited,1,12,3,868,654,
902,465556,253581.3571,1mg Shilajit Pure Natural Extract 500mg Capsule,Tata 1mg Healthcare Solutions Private Limited,1,24,4,868,654,
692,503411,1735788.537,Tata 1mg Salmon Omega 3 Fish Oil Capsule,Tata 1mg Healthcare Solutions Private Limited,1,1,1,839,797,
81,640234,2656.79661,1mg Spirulina 60% Protein Superfood Gluten Free 2000mg Capsule,Tata 1mg Healthcare Solutions Private Limited,1,10,2,829,783,
434,503415,131727.0476,1mg Gokshura Pure Natural Extract 500mg Capsule,Tata 1mg Healthcare Solutions Private Limited,1,2,1,827,872,
15,728146,38366.19048,Tata 1mg Cotton Crepe Bandage 8cm,Tata 1mg Healthcare Solutions Private Limited,1,8,2,787,624,
15,728158,,Knee Cap,Tata 1mg Healthcare Solutions Private Limited,1,9,4,787,624,
15,765051,,Lumbar,,1,,6,787,624,
36,734459,56250.11905,Tata 1mg Latex Non-Sterile Gloves,Tata 1mg Healthcare Solutions Private Limited,1,16,4,779,811,
996,555721,1051290.311,"Tata 1mg Women's Multivitamin, Zinc, Vitamin C, Calcium, Vitamin D, and Iron  Immunity Booster Tablet",Tata 1mg Healthcare Solutions Private Limited,1,1,1,763,1194,
996,695704,201983.0226,"Tata 1mg Women's Multivitamin, Zinc, Vitamin C, Calcium, Vitamin D, and Iron  Immunity Booster Tablet",Tata 1mg Healthcare Solutions Private Limited,1,3,2,763,1194,
996,555751,183038.8247,"1mg Sports Multivitamin Energy & Immunity Booster Zinc, Vitamin C, Vitamin D, Calcium and Iron Tablet",Tata 1mg Healthcare Solutions Private Limited,1,4,3,763,1194,
25,536094,950151.1695,"Tata 1mg Calcium + Vitamin D3, Zinc, Magnesium and Alfalfa Tablets for Joint Health & Immunity",Tata 1mg Healthcare Solutions Private Limited,1,3,1,736,1379,
164,535187,483102.6901,"Tata 1mg Glucosamine HCL 1500 mg Tablets for Joint Health with Boswellia Serrata, Collagen Peptide, L-Arginine, and Curcuma Longa",Tata 1mg Healthcare Solutions Private Limited,1,4,1,731,580,
164,503408,411422.2655,"Tata 1mg Hair, Skin & Nails Supreme Collagen, Biotin, Zinc, Iron and Vitamin B Capsule",Tata 1mg Healthcare Solutions Private Limited,1,5,2,731,580,
164,744188,165894.1582,Tata 1mg Probiotics 30 Billion CFUs+ Capsule with Prebiotic Fibre,Tata 1mg Healthcare Solutions Private Limited,1,9,4,731,580,
219,648242,91911.0452,"Tata 1mg Brain Formula with Vitamin B Complex, L-Tyrosine, L-Theanine, Brahmi, Ginkgo and Pine Bark Extract Capsule",Tata 1mg Healthcare Solutions Private Limited,1,1,1,726,859,
84,635355,56163.83333,Tata 1mg Cold Pressed Giloy Tulsi Juice Natural Immunity Booster Enriched with Tulsi Juice,Tata 1mg Healthcare Solutions Private Limited,1,3,1,708,847,
84,605260,16088.73016,1mg Giloy 500mg Capsule,Tata 1mg Healthcare Solutions Private Limited,1,10,2,708,847,
1272,538067,345298.0395,Tata 1mg Apple Cider Vinegar Probiotic Plus - Raw Unfiltered Unpasteurized with The Mother,Tata 1mg Healthcare Solutions Private Limited,1,1,1,702,1038,
1272,541676,192843.9167,Tata 1mg Noni Juice Plus Immunity Booster & Joint Health Support Rich in Antioxidants,Tata 1mg Healthcare Solutions Private Limited,1,2,2,702,1038,
1272,635345,186683.0238,Tata 1mg Cold Pressed Aloe Vera Juice Rejuvenates Skin & Hair with Extra Fibre,Tata 1mg Healthcare Solutions Private Limited,1,3,3,702,1038,
83,603942,158834.5028,1mg Turmeric Curcumin 95% with Piperine Capsule,Tata 1mg Healthcare Solutions Private Limited,1,1,1,701,691,
83,614274,18687.55952,1mg Turmeric Drops with Piperine,Tata 1mg Healthcare Solutions Private Limited,1,17,4,701,691,
1149,465556,253581.3571,1mg Shilajit Pure Natural Extract 500mg Capsule,Tata 1mg Healthcare Solutions Private Limited,1,1,1,681,904,
1149,710972,176195.1186,Tata 1mg Melatonin 10mg Vegetarian Capsule for Calm & Restful Sleep,Tata 1mg Healthcare Solutions Private Limited,1,2,2,681,904,
665,692293,108190.2698,Tata 1mg BIS Approved FFP2 N95 Mask for Kids 5 Mask,Tata 1mg Healthcare Solutions Private Limited,1,1,1,639,370,
979,635359,133313.6071,Tata 1mg Cold Pressed Karela Jamun Juice Supports Healthy Blood Sugar Levels Enriched with Jamun Seed Extract,Tata 1mg Healthcare Solutions Private Limited,1,3,1,633,515,
1287,555721,1051290.311,"Tata 1mg Women's Multivitamin, Zinc, Vitamin C, Calcium, Vitamin D, and Iron  Immunity Booster Tablet",Tata 1mg Healthcare Solutions Private Limited,1,1,1,625,2,
1287,555713,555709.2599,"Tata 1mg Senior 50+ Multivitamin & Multimineral Immunity Booster Zinc, Vitamin C, Calcium, and Vitamin D Veg Tablet",Tata 1mg Healthcare Solutions Private Limited,1,2,2,625,2,
1287,555751,183038.8247,"1mg Sports Multivitamin Energy & Immunity Booster Zinc, Vitamin C, Vitamin D, Calcium and Iron Tablet",Tata 1mg Healthcare Solutions Private Limited,1,4,4,625,2,
298,723271,380077.7839,Tata 1mg Digital Thermometer,Tata 1mg Healthcare Solutions Private Limited,1,1,1,615,737,
935,603946,32750,Tata 1mg Myo-Inositol Tablet with D-Chiro & Vitamin D3 for Women's Health,Tata 1mg Healthcare Solutions Private Limited,1,15,3,604,1014,
1273,538067,345298.0395,Tata 1mg Apple Cider Vinegar Probiotic Plus - Raw Unfiltered Unpasteurized with The Mother,Tata 1mg Healthcare Solutions Private Limited,1,1,1,568,892,
1273,541676,192843.9167,Tata 1mg Noni Juice Plus Immunity Booster & Joint Health Support Rich in Antioxidants,Tata 1mg Healthcare Solutions Private Limited,1,2,2,568,892,
1273,635345,186683.0238,Tata 1mg Cold Pressed Aloe Vera Juice Rejuvenates Skin & Hair with Extra Fibre,Tata 1mg Healthcare Solutions Private Limited,1,3,3,568,892,
171,555721,1051290.311,"Tata 1mg Women's Multivitamin, Zinc, Vitamin C, Calcium, Vitamin D, and Iron  Immunity Booster Tablet",Tata 1mg Healthcare Solutions Private Limited,1,2,1,548,1289,
171,695704,201983.0226,"Tata 1mg Women's Multivitamin, Zinc, Vitamin C, Calcium, Vitamin D, and Iron  Immunity Booster Tablet",Tata 1mg Healthcare Solutions Private Limited,1,8,2,548,1289,
49,465556,253581.3571,1mg Shilajit Pure Natural Extract 500mg Capsule,Tata 1mg Healthcare Solutions Private Limited,1,5,1,545,346,
49,465533,193481.9524,1mg Ashwagandha Pure Natural Extract 500mg Capsule,Tata 1mg Healthcare Solutions Private Limited,1,7,2,545,346,
49,503415,131727.0476,1mg Gokshura Pure Natural Extract 500mg Capsule,Tata 1mg Healthcare Solutions Private Limited,1,10,4,545,346,
924,551156,602624.4237,Tata 1mg Biotin + Tablet,Tata 1mg Healthcare Solutions Private Limited,1,10,2,508,547,
924,503408,411422.2655,"Tata 1mg Hair, Skin & Nails Supreme Collagen, Biotin, Zinc, Iron and Vitamin B Capsule",Tata 1mg Healthcare Solutions Private Limited,1,14,3,508,547,
1232,723019,1102691.333,Tata 1mg Blood Pressure Monitor Fully Automatic,Tata 1mg Healthcare Solutions Private Limited,1,1,1,504,448,
1232,723271,760155.5678,Tata 1mg Digital Thermometer,Tata 1mg Healthcare Solutions Private Limited,1,2,2,504,448,
1232,723030,316855.5238,Tata 1mg Compressor Nebulizer,Tata 1mg Healthcare Solutions Private Limited,1,3,3,504,448,
555,503411,1735788.537,Tata 1mg Salmon Omega 3 Fish Oil Capsule,Tata 1mg Healthcare Solutions Private Limited,1,1,1,494,451,
555,555721,1051290.311,"Tata 1mg Women's Multivitamin, Zinc, Vitamin C, Calcium, Vitamin D, and Iron  Immunity Booster Tablet",Tata 1mg Healthcare Solutions Private Limited,1,2,2,494,451,
555,536094,950151.1695,"Tata 1mg Calcium + Vitamin D3, Zinc, Magnesium and Alfalfa Tablets for Joint Health & Immunity",Tata 1mg Healthcare Solutions Private Limited,1,3,3,494,451,
555,503409,760143.2655,"Tata 1mg Multivitamin Supreme, Zinc, Calcium and Vitamin D Immunity Booster Capsule",Tata 1mg Healthcare Solutions Private Limited,1,4,4,494,451,
555,555751,183038.8247,"1mg Sports Multivitamin Energy & Immunity Booster Zinc, Vitamin C, Vitamin D, Calcium and Iron Tablet",Tata 1mg Healthcare Solutions Private Limited,1,16,4,494,451,
1043,503408,411422.2655,"Tata 1mg Hair, Skin & Nails Supreme Collagen, Biotin, Zinc, Iron and Vitamin B Capsule",Tata 1mg Healthcare Solutions Private Limited,1,5,1,489,340,
1043,635345,186683.0238,Tata 1mg Cold Pressed Aloe Vera Juice Rejuvenates Skin & Hair with Extra Fibre,Tata 1mg Healthcare Solutions Private Limited,1,20,4,489,340,
188,728146,38366.19048,Tata 1mg Cotton Crepe Bandage 8cm,Tata 1mg Healthcare Solutions Private Limited,1,1,1,466,589,
188,728149,34067.0119,Tata 1mg Cotton Crepe Bandage 10cm,Tata 1mg Healthcare Solutions Private Limited,1,2,2,466,589,
188,728158,16666.7619,Tata 1mg Knee Support Pair of 2 Large,Tata 1mg Healthcare Solutions Private Limited,1,3,3,466,589,
1152,465556,253581.3571,1mg Shilajit Pure Natural Extract 500mg Capsule,Tata 1mg Healthcare Solutions Private Limited,1,1,1,465,646,
1274,555721,1051290.311,"Tata 1mg Women's Multivitamin, Zinc, Vitamin C, Calcium, Vitamin D, and Iron  Immunity Booster Tablet",Tata 1mg Healthcare Solutions Private Limited,1,1,1,462,633,
1274,551156,602624.4237,Tata 1mg Biotin + Tablet,Tata 1mg Healthcare Solutions Private Limited,1,2,2,462,633,
1274,535187,483102.6901,"Tata 1mg Glucosamine HCL 1500 mg Tablets for Joint Health with Boswellia Serrata, Collagen Peptide, L-Arginine, and Curcuma Longa",Tata 1mg Healthcare Solutions Private Limited,1,3,3,462,633,
694,744197,66055.15254,Tata 1mg Flaxseed Oil 1000mg Omega 3 Capsule for Heart Health,Tata 1mg Healthcare Solutions Private Limited,1,2,1,460,350,
694,542969,11261.31638,1mg Flaxseed Oil 500mg Omega 3 Capsule for Blood Cholesterol Levels & Hearth Health,Tata 1mg Healthcare Solutions Private Limited,1,7,2,460,350,
663,723030,158427.7619,Tata 1mg Compressor Nebulizer,Tata 1mg Healthcare Solutions Private Limited,1,1,1,456,368,
663,623709,21159.35714,1mg Compressor Nebulizer with Unique Virtual Valve Technology,Tata 1mg Healthcare Solutions Private Limited,1,5,2,456,368,
773,630381,157652.4802,Tata 1mg Ortho Electric Heating Gel Pad with Auto-Cut & Quick Heating Feature,Tata 1mg Healthcare Solutions Private Limited,1,1,1,434,626,
271,710972,176195.1186,Tata 1mg Melatonin 10mg Vegetarian Capsule for Calm & Restful Sleep,Tata 1mg Healthcare Solutions Private Limited,1,1,1,428,494,
78,635345,186683.0238,Tata 1mg Cold Pressed Aloe Vera Juice Rejuvenates Skin & Hair with Extra Fibre,Tata 1mg Healthcare Solutions Private Limited,1,1,1,402,429,
1003,744197,66055.15254,Tata 1mg Flaxseed Oil 1000mg Omega 3 Capsule for Heart Health,Tata 1mg Healthcare Solutions Private Limited,1,2,1,395,414,
586,635348,93767.85714,Tata 1mg Cold Pressed Amla Juice Natural Immunity Booster Rich in Vitamin C,Tata 1mg Healthcare Solutions Private Limited,1,2,1,386,402,
452,503411,1735788.537,Tata 1mg Salmon Omega 3 Fish Oil Capsule,Tata 1mg Healthcare Solutions Private Limited,1,1,1,370,289,
452,630370,236083.3333,"Tata 1mg Vitamin C+Vitamin D3, Zinc and Amla Extract Chewable Tablet",Tata 1mg Healthcare Solutions Private Limited,1,11,3,370,289,
452,603942,158834.5028,1mg Turmeric Curcumin 95% with Piperine Capsule,Tata 1mg Healthcare Solutions Private Limited,1,21,4,370,289,
1066,536094,950151.1695,"Tata 1mg Calcium + Vitamin D3, Zinc, Magnesium and Alfalfa Tablets for Joint Health & Immunity",Tata 1mg Healthcare Solutions Private Limited,1,1,1,341,47,
1066,607232,220233.1356,Tata 1mg Salmon Omega 3 Fish Oil Capsule,Tata 1mg Healthcare Solutions Private Limited,1,8,2,341,47,
1066,648241,51519.38843,"1mg Chelated Magnesium Plus Zinc, Lysine Hydrochloride & Vitamin B6 with High Absorption Tablet",Tata 1mg Healthcare Solutions Private Limited,1,13,4,341,47,
991,536094,950151.1695,"Tata 1mg Calcium + Vitamin D3, Zinc, Magnesium and Alfalfa Tablets for Joint Health & Immunity",Tata 1mg Healthcare Solutions Private Limited,1,2,1,323,333,
991,503409,760143.2655,"Tata 1mg Multivitamin Supreme, Zinc, Calcium and Vitamin D Immunity Booster Capsule",Tata 1mg Healthcare Solutions Private Limited,1,3,2,323,333,
991,538067,345298.0395,Tata 1mg Apple Cider Vinegar Probiotic Plus - Raw Unfiltered Unpasteurized with The Mother,Tata 1mg Healthcare Solutions Private Limited,1,5,3,323,333,
1278,635359,133313.6071,Tata 1mg Cold Pressed Karela Jamun Juice Supports Healthy Blood Sugar Levels Enriched with Jamun Seed Extract,Tata 1mg Healthcare Solutions Private Limited,1,3,1,299,251,
111,695704,201983.0226,"Tata 1mg Women's Multivitamin, Zinc, Vitamin C, Calcium, Vitamin D, and Iron  Immunity Booster Tablet",Tata 1mg Healthcare Solutions Private Limited,1,5,1,290,261,
111,541676,192843.9167,Tata 1mg Noni Juice Plus Immunity Booster & Joint Health Support Rich in Antioxidants,Tata 1mg Healthcare Solutions Private Limited,1,7,2,290,261,
111,635348,93767.85714,Tata 1mg Cold Pressed Amla Juice Natural Immunity Booster Rich in Vitamin C,Tata 1mg Healthcare Solutions Private Limited,1,11,4,290,261,
639,735446,16847.33333,Tata 1mg Cod liver Oil Capsule,Tata 1mg Healthcare Solutions Private Limited,1,11,3,287,159,
217,648245,16807.96045,1mg Garlic Oil Maxium Strength for Heart Health Capsule,Tata 1mg Healthcare Solutions Private Limited,1,4,1,284,324,
95,635355,56163.83333,Tata 1mg Cold Pressed Giloy Tulsi Juice Natural Immunity Booster Enriched with Tulsi Juice,Tata 1mg Healthcare Solutions Private Limited,1,3,1,281,360,
95,614268,45950.79762,1mg Panch Tulsi Drops,Tata 1mg Healthcare Solutions Private Limited,1,5,2,281,360,
391,635359,133313.6071,Tata 1mg Cold Pressed Karela Jamun Juice Supports Healthy Blood Sugar Levels Enriched with Jamun Seed Extract,Tata 1mg Healthcare Solutions Private Limited,1,2,1,260,219,
391,503413,70352.42857,1mg Karela Pure Natural Extract 500mg Capsule,Tata 1mg Healthcare Solutions Private Limited,1,5,2,260,219,
978,635355,56163.83333,Tata 1mg Cold Pressed Giloy Tulsi Juice Natural Immunity Booster Enriched with Tulsi Juice,Tata 1mg Healthcare Solutions Private Limited,1,2,1,260,199,
1275,503409,760143.2655,"Tata 1mg Multivitamin Supreme, Zinc, Calcium and Vitamin D Immunity Booster Capsule",Tata 1mg Healthcare Solutions Private Limited,1,1,1,247,361,
1275,684767,714100.254,Tata 1mg 3 Ply Surgical Mask with Meltblown Filter and Nose Pin 50 Mask Light Blue,Tata 1mg Healthcare Solutions Private Limited,1,2,2,247,361,
1275,723271,380077.7839,Tata 1mg Digital Thermometer,Tata 1mg Healthcare Solutions Private Limited,1,3,3,247,361,
195,640226,8151.056497,"1mg High Fiber with Pre- & Probiotics with Inulin, Guar gum, & Resistant Maltodextrin Unflavoured Unflavoured with Resistant Maltodextrin, Inulin and Guar Gum",Tata 1mg Healthcare Solutions Private Limited,1,34,4,235,327,
260,547345,396720.5085,"Tata 1mg Milk Thistle Capsules for Liver Detox, 70% Silymarin with Dandelion & Ginger",Tata 1mg Healthcare Solutions Private Limited,1,2,1,227,409,
260,538067,345298.0395,Tata 1mg Apple Cider Vinegar Probiotic Plus - Raw Unfiltered Unpasteurized with The Mother,Tata 1mg Healthcare Solutions Private Limited,1,4,2,227,409,
260,541676,192843.9167,Tata 1mg Noni Juice Plus Immunity Booster & Joint Health Support Rich in Antioxidants,Tata 1mg Healthcare Solutions Private Limited,1,6,3,227,409,
203,551156,602624.4237,Tata 1mg Biotin + Tablet,Tata 1mg Healthcare Solutions Private Limited,1,5,1,221,233,
203,503408,411422.2655,"Tata 1mg Hair, Skin & Nails Supreme Collagen, Biotin, Zinc, Iron and Vitamin B Capsule",Tata 1mg Healthcare Solutions Private Limited,1,6,2,221,233,
203,723012,95021.32768,Tata 1mg Biotin + Tablet,Tata 1mg Healthcare Solutions Private Limited,1,15,3,221,233,
202,503408,411422.2655,"Tata 1mg Hair, Skin & Nails Supreme Collagen, Biotin, Zinc, Iron and Vitamin B Capsule",Tata 1mg Healthcare Solutions Private Limited,1,7,2,213,227,
811,684769,116976.6825,Tata 1mg BIS Approved FFP2 N95 Mask White - Ear Loop 5 Layer,Tata 1mg Healthcare Solutions Private Limited,1,28,4,211,204,
1303,555721,2102580.621,"Tata 1mg Women's Multivitamin, Zinc, Vitamin C, Calcium, Vitamin D, and Iron  Immunity Booster Tablet",Tata 1mg Healthcare Solutions Private Limited,1,1,1,202,353,
1303,503411,1735788.537,Tata 1mg Salmon Omega 3 Fish Oil Capsule,Tata 1mg Healthcare Solutions Private Limited,1,2,2,202,353,
1303,551156,1205248.847,Tata 1mg Biotin + Tablet,Tata 1mg Healthcare Solutions Private Limited,1,3,3,202,353,
1303,723019,1102691.333,Tata 1mg Blood Pressure Monitor Fully Automatic,Tata 1mg Healthcare Solutions Private Limited,1,4,4,202,353,
239,551156,602624.4237,Tata 1mg Biotin + Tablet,Tata 1mg Healthcare Solutions Private Limited,1,2,1,197,286,
239,503408,411422.2655,"Tata 1mg Hair, Skin & Nails Supreme Collagen, Biotin, Zinc, Iron and Vitamin B Capsule",Tata 1mg Healthcare Solutions Private Limited,1,3,2,197,286,
448,555721,1051290.311,"Tata 1mg Women's Multivitamin, Zinc, Vitamin C, Calcium, Vitamin D, and Iron  Immunity Booster Tablet",Tata 1mg Healthcare Solutions Private Limited,1,1,1,197,196,
448,695704,201983.0226,"Tata 1mg Women's Multivitamin, Zinc, Vitamin C, Calcium, Vitamin D, and Iron  Immunity Booster Tablet",Tata 1mg Healthcare Solutions Private Limited,1,3,2,197,196,
691,603942,158834.5028,1mg Turmeric Curcumin 95% with Piperine Capsule,Tata 1mg Healthcare Solutions Private Limited,1,1,1,195,312,
691,603949,117769.7288,"Tata 1mg CoQ 10 Tablet 99% Ubiquinone with Zinc, Omega 3 & L-Arginine for Heart Health",Tata 1mg Healthcare Solutions Private Limited,1,2,2,195,312,
691,628380,57750.0113,1mg Super Antioxidant Multiminerals with Betacarotene Capsule,Tata 1mg Healthcare Solutions Private Limited,1,3,3,195,312,
588,541676,192843.9167,Tata 1mg Noni Juice Plus Immunity Booster & Joint Health Support Rich in Antioxidants,Tata 1mg Healthcare Solutions Private Limited,1,1,1,190,91,
980,728146,38366.19048,Tata 1mg Cotton Crepe Bandage 8cm,Tata 1mg Healthcare Solutions Private Limited,1,1,1,189,462,
980,728149,34067.0119,Tata 1mg Cotton Crepe Bandage 10cm,Tata 1mg Healthcare Solutions Private Limited,1,2,2,189,462,
980,728158,16666.7619,Tata 1mg Knee Support Pair of 2 Large,Tata 1mg Healthcare Solutions Private Limited,1,3,3,189,462,
1299,503411,1735788.537,Tata 1mg Salmon Omega 3 Fish Oil Capsule,Tata 1mg Healthcare Solutions Private Limited,1,1,1,184,307,
1299,555721,1051290.311,"Tata 1mg Women's Multivitamin, Zinc, Vitamin C, Calcium, Vitamin D, and Iron  Immunity Booster Tablet",Tata 1mg Healthcare Solutions Private Limited,1,2,2,184,307,
1299,536094,950151.1695,"Tata 1mg Calcium + Vitamin D3, Zinc, Magnesium and Alfalfa Tablets for Joint Health & Immunity",Tata 1mg Healthcare Solutions Private Limited,1,3,3,184,307,
1299,503409,760143.2655,"Tata 1mg Multivitamin Supreme, Zinc, Calcium and Vitamin D Immunity Booster Capsule",Tata 1mg Healthcare Solutions Private Limited,1,4,4,184,307,
65,555721,1051290.311,"Tata 1mg Women's Multivitamin, Zinc, Vitamin C, Calcium, Vitamin D, and Iron  Immunity Booster Tablet",Tata 1mg Healthcare Solutions Private Limited,1,1,1,183,200,
65,536094,950151.1695,"Tata 1mg Calcium + Vitamin D3, Zinc, Magnesium and Alfalfa Tablets for Joint Health & Immunity",Tata 1mg Healthcare Solutions Private Limited,1,2,2,183,200,
65,503409,760143.2655,"Tata 1mg Multivitamin Supreme, Zinc, Calcium and Vitamin D Immunity Booster Capsule",Tata 1mg Healthcare Solutions Private Limited,1,3,3,183,200,
993,555721,1051290.311,"Tata 1mg Women's Multivitamin, Zinc, Vitamin C, Calcium, Vitamin D, and Iron  Immunity Booster Tablet",Tata 1mg Healthcare Solutions Private Limited,1,1,1,180,170,
1301,723271,380077.7839,Tata 1mg Digital Thermometer,Tata 1mg Healthcare Solutions Private Limited,1,1,1,150,181,
1301,630370,236083.3333,"Tata 1mg Vitamin C+Vitamin D3, Zinc and Amla Extract Chewable Tablet",Tata 1mg Healthcare Solutions Private Limited,1,2,2,150,181,
1301,623696,227132.8305,"Tata 1mg Calcium + Vitamin D3, Zinc, Magnesium and Alfalfa Tablets for Joint Health & Immunity",Tata 1mg Healthcare Solutions Private Limited,1,3,3,150,181,
265,465556,253581.3571,1mg Shilajit Pure Natural Extract 500mg Capsule,Tata 1mg Healthcare Solutions Private Limited,1,17,4,144,174,
994,648238,30844.77401,"1mg Active Nutrition Mix with Whey Protein, Vitamin D, Choline and Fiber Chocolate",Tata 1mg Healthcare Solutions Private Limited,1,17,4,142,164,
562,538067,345298.0395,Tata 1mg Apple Cider Vinegar Probiotic Plus - Raw Unfiltered Unpasteurized with The Mother,Tata 1mg Healthcare Solutions Private Limited,1,2,1,139,196,
673,503411,1735788.537,Tata 1mg Salmon Omega 3 Fish Oil Capsule,Tata 1mg Healthcare Solutions Private Limited,1,1,1,137,129,
673,551156,602624.4237,Tata 1mg Biotin + Tablet,Tata 1mg Healthcare Solutions Private Limited,1,5,2,137,129,
1115,541676,192843.9167,Tata 1mg Noni Juice Plus Immunity Booster & Joint Health Support Rich in Antioxidants,Tata 1mg Healthcare Solutions Private Limited,1,2,1,119,426,
1065,630370,236083.3333,"Tata 1mg Vitamin C+Vitamin D3, Zinc and Amla Extract Chewable Tablet",Tata 1mg Healthcare Solutions Private Limited,1,1,1,111,76,
1300,503411,1735788.537,Tata 1mg Salmon Omega 3 Fish Oil Capsule,Tata 1mg Healthcare Solutions Private Limited,1,1,1,107,165,
1300,555721,1051290.311,"Tata 1mg Women's Multivitamin, Zinc, Vitamin C, Calcium, Vitamin D, and Iron  Immunity Booster Tablet",Tata 1mg Healthcare Solutions Private Limited,1,2,2,107,165,
1300,536094,950151.1695,"Tata 1mg Calcium + Vitamin D3, Zinc, Magnesium and Alfalfa Tablets for Joint Health & Immunity",Tata 1mg Healthcare Solutions Private Limited,1,3,3,107,165,
1300,503409,760143.2655,"Tata 1mg Multivitamin Supreme, Zinc, Calcium and Vitamin D Immunity Booster Capsule",Tata 1mg Healthcare Solutions Private Limited,1,4,4,107,165,
995,551156,602624.4237,Tata 1mg Biotin + Tablet,Tata 1mg Healthcare Solutions Private Limited,1,1,1,106,98,
995,503408,411422.2655,"Tata 1mg Hair, Skin & Nails Supreme Collagen, Biotin, Zinc, Iron and Vitamin B Capsule",Tata 1mg Healthcare Solutions Private Limited,1,2,2,106,98,
995,640158,40148.44633,"Tata 1mg Hair, Skin & Nails Supreme Collagen, Biotin, Zinc, Iron and Vitamin B Capsule",Tata 1mg Healthcare Solutions Private Limited,1,8,4,106,98,
1067,555721,1051290.311,"Tata 1mg Women's Multivitamin, Zinc, Vitamin C, Calcium, Vitamin D, and Iron  Immunity Booster Tablet",Tata 1mg Healthcare Solutions Private Limited,1,1,1,98,20,
1067,503409,760143.2655,"Tata 1mg Multivitamin Supreme, Zinc, Calcium and Vitamin D Immunity Booster Capsule",Tata 1mg Healthcare Solutions Private Limited,1,2,2,98,20,
1067,623696,227132.8305,"Tata 1mg Calcium + Vitamin D3, Zinc, Magnesium and Alfalfa Tablets for Joint Health & Immunity",Tata 1mg Healthcare Solutions Private Limited,1,8,4,98,20,
583,640362,87394.01695,Tata 1mg Ceylon Cinnamon 10:1 Ratio Extract for Blood Sugar Management 200mg Capsule,Tata 1mg Healthcare Solutions Private Limited,1,11,3,86,125,
583,640252,19754.18644,1mg Fenugreek Oil Gluten Free for Blood Sugar Management 500mg Capsule,Tata 1mg Healthcare Solutions Private Limited,1,32,4,86,125,
755,503411,1735788.537,Tata 1mg Salmon Omega 3 Fish Oil Capsule,Tata 1mg Healthcare Solutions Private Limited,1,2,1,86,76,
755,536094,950151.1695,"Tata 1mg Calcium + Vitamin D3, Zinc, Magnesium and Alfalfa Tablets for Joint Health & Immunity",Tata 1mg Healthcare Solutions Private Limited,1,4,2,86,76,
755,555713,555709.2599,"Tata 1mg Senior 50+ Multivitamin & Multimineral Immunity Booster Zinc, Vitamin C, Calcium, and Vitamin D Veg Tablet",Tata 1mg Healthcare Solutions Private Limited,1,6,3,86,76,
267,503411,1735788.537,Tata 1mg Salmon Omega 3 Fish Oil Capsule,Tata 1mg Healthcare Solutions Private Limited,1,1,1,52,47,
267,555721,1051290.311,"Tata 1mg Women's Multivitamin, Zinc, Vitamin C, Calcium, Vitamin D, and Iron  Immunity Booster Tablet",Tata 1mg Healthcare Solutions Private Limited,1,2,2,52,47,
267,536094,950151.1695,"Tata 1mg Calcium + Vitamin D3, Zinc, Magnesium and Alfalfa Tablets for Joint Health & Immunity",Tata 1mg Healthcare Solutions Private Limited,1,3,3,52,47,
172,536094,950151.1695,"Tata 1mg Calcium + Vitamin D3, Zinc, Magnesium and Alfalfa Tablets for Joint Health & Immunity",Tata 1mg Healthcare Solutions Private Limited,1,2,1,43,580,
172,535187,483102.6901,"Tata 1mg Glucosamine HCL 1500 mg Tablets for Joint Health with Boswellia Serrata, Collagen Peptide, L-Arginine, and Curcuma Longa",Tata 1mg Healthcare Solutions Private Limited,1,3,2,43,580,
172,623696,227132.8305,"Tata 1mg Calcium + Vitamin D3, Zinc, Magnesium and Alfalfa Tablets for Joint Health & Immunity",Tata 1mg Healthcare Solutions Private Limited,1,7,3,43,580,
1218,702912,76926.57062,Tata 1mg Multivitamin & Multimineral Supplement Tablet,Tata 1mg Healthcare Solutions Private Limited,1,1,1,40,35,
1218,702913,49192.35028,Tata 1mg Calcium & Vitamin D Supplement Tablet,Tata 1mg Healthcare Solutions Private Limited,1,2,2,40,35,
1218,702915,43627.06215,Tata 1mg Immunity & Wellness Supplement Tablet,Tata 1mg Healthcare Solutions Private Limited,1,3,3,40,35,
1054,708642,339468.9167,"Tata 1mg Vaporizer-Steam Inhaler, 3 in 1 with Double Wall Safety",Tata 1mg Healthcare Solutions Private Limited,1,1,1,32,19,
1054,723030,158427.7619,Tata 1mg Compressor Nebulizer,Tata 1mg Healthcare Solutions Private Limited,1,2,2,32,19,
1054,623709,21159.35714,1mg Compressor Nebulizer with Unique Virtual Valve Technology,Tata 1mg Healthcare Solutions Private Limited,1,7,4,32,19,
487,503411,1735788.537,Tata 1mg Salmon Omega 3 Fish Oil Capsule,Tata 1mg Healthcare Solutions Private Limited,1,2,1,31,19,
487,555721,1051290.311,"Tata 1mg Women's Multivitamin, Zinc, Vitamin C, Calcium, Vitamin D, and Iron  Immunity Booster Tablet",Tata 1mg Healthcare Solutions Private Limited,1,8,2,31,19,
487,536094,950151.1695,"Tata 1mg Calcium + Vitamin D3, Zinc, Magnesium and Alfalfa Tablets for Joint Health & Immunity",Tata 1mg Healthcare Solutions Private Limited,1,10,4,31,19,
582,640226,8151.056497,"1mg High Fiber with Pre- & Probiotics with Inulin, Guar gum, & Resistant Maltodextrin Unflavoured Unflavoured with Resistant Maltodextrin, Inulin and Guar Gum",Tata 1mg Healthcare Solutions Private Limited,1,25,4,30,37,
1052,630370,236083.3333,"Tata 1mg Vitamin C+Vitamin D3, Zinc and Amla Extract Chewable Tablet",Tata 1mg Healthcare Solutions Private Limited,1,4,1,27,22,
1052,614268,45950.79762,1mg Panch Tulsi Drops,Tata 1mg Healthcare Solutions Private Limited,1,36,4,27,22,
56,503411,1735788.537,Tata 1mg Salmon Omega 3 Fish Oil Capsule,Tata 1mg Healthcare Solutions Private Limited,1,1,1,23,467,
56,555721,1051290.311,"Tata 1mg Women's Multivitamin, Zinc, Vitamin C, Calcium, Vitamin D, and Iron  Immunity Booster Tablet",Tata 1mg Healthcare Solutions Private Limited,1,2,2,23,467,
56,536094,950151.1695,"Tata 1mg Calcium + Vitamin D3, Zinc, Magnesium and Alfalfa Tablets for Joint Health & Immunity",Tata 1mg Healthcare Solutions Private Limited,1,3,3,23,467,
56,503409,760143.2655,"Tata 1mg Multivitamin Supreme, Zinc, Calcium and Vitamin D Immunity Booster Capsule",Tata 1mg Healthcare Solutions Private Limited,1,4,4,23,467,
1269,661700,23752.52381,1mg Hydration Drink Mix Electrolytes Orange,Tata 1mg Healthcare Solutions Private Limited,1,29,4,20,11,
1266,661700,23752.52381,1mg Hydration Drink Mix Electrolytes Orange,Tata 1mg Healthcare Solutions Private Limited,1,5,1,18,14,
817,503411,3471577.073,Tata 1mg Salmon Omega 3 Fish Oil Capsule,Tata 1mg Healthcare Solutions Private Limited,1,3,1,17,5,
817,538067,1381192.158,Tata 1mg Apple Cider Vinegar Probiotic Plus - Raw Unfiltered Unpasteurized with The Mother,Tata 1mg Healthcare Solutions Private Limited,1,10,2,17,5,
817,536094,950151.1695,"Tata 1mg Calcium + Vitamin D3, Zinc, Magnesium and Alfalfa Tablets for Joint Health & Immunity",Tata 1mg Healthcare Solutions Private Limited,1,13,3,17,5,
817,503409,760143.2655,"Tata 1mg Multivitamin Supreme, Zinc, Calcium and Vitamin D Immunity Booster Capsule",Tata 1mg Healthcare Solutions Private Limited,1,21,4,17,5,
101,536094,950151.1695,"Tata 1mg Calcium + Vitamin D3, Zinc, Magnesium and Alfalfa Tablets for Joint Health & Immunity",Tata 1mg Healthcare Solutions Private Limited,1,1,1,16,14,
101,535187,483102.6901,"Tata 1mg Glucosamine HCL 1500 mg Tablets for Joint Health with Boswellia Serrata, Collagen Peptide, L-Arginine, and Curcuma Longa",Tata 1mg Healthcare Solutions Private Limited,1,2,2,16,14,
101,623696,227132.8305,"Tata 1mg Calcium + Vitamin D3, Zinc, Magnesium and Alfalfa Tablets for Joint Health & Immunity",Tata 1mg Healthcare Solutions Private Limited,1,3,3,16,14,
1021,503411,1735788.537,Tata 1mg Salmon Omega 3 Fish Oil Capsule,Tata 1mg Healthcare Solutions Private Limited,1,1,1,16,4,
1021,555721,1051290.311,"Tata 1mg Women's Multivitamin, Zinc, Vitamin C, Calcium, Vitamin D, and Iron  Immunity Booster Tablet",Tata 1mg Healthcare Solutions Private Limited,1,2,2,16,4,
1021,536094,950151.1695,"Tata 1mg Calcium + Vitamin D3, Zinc, Magnesium and Alfalfa Tablets for Joint Health & Immunity",Tata 1mg Healthcare Solutions Private Limited,1,3,3,16,4,
1021,503409,760143.2655,"Tata 1mg Multivitamin Supreme, Zinc, Calcium and Vitamin D Immunity Booster Capsule",Tata 1mg Healthcare Solutions Private Limited,1,4,4,16,4,
1296,551156,602624.4237,Tata 1mg Biotin + Tablet,Tata 1mg Healthcare Solutions Private Limited,1,5,1,16,8,
886,630370,236083.3333,"Tata 1mg Vitamin C+Vitamin D3, Zinc and Amla Extract Chewable Tablet",Tata 1mg Healthcare Solutions Private Limited,1,7,2,14,7,
886,702912,76926.57062,Tata 1mg Multivitamin & Multimineral Supplement Tablet,Tata 1mg Healthcare Solutions Private Limited,1,21,4,14,7,
228,603949,117769.7288,"Tata 1mg CoQ 10 Tablet 99% Ubiquinone with Zinc, Omega 3 & L-Arginine for Heart Health",Tata 1mg Healthcare Solutions Private Limited,1,7,2,12,25,
228,628380,57750.0113,1mg Super Antioxidant Multiminerals with Betacarotene Capsule,Tata 1mg Healthcare Solutions Private Limited,1,13,3,12,25,
209,635345,186683.0238,Tata 1mg Cold Pressed Aloe Vera Juice Rejuvenates Skin & Hair with Extra Fibre,Tata 1mg Healthcare Solutions Private Limited,1,4,1,11,16,
774,684767,714100.254,Tata 1mg 3 Ply Surgical Mask with Meltblown Filter and Nose Pin 50 Mask Light Blue,Tata 1mg Healthcare Solutions Private Limited,1,3,1,9,27,
774,701787,159285.7143,Tata 1mg BIS Approved FFP2 N95 Mask White - Ear Loop 5 Layer,Tata 1mg Healthcare Solutions Private Limited,1,14,3,9,27,
1048,541676,192843.9167,Tata 1mg Noni Juice Plus Immunity Booster & Joint Health Support Rich in Antioxidants,Tata 1mg Healthcare Solutions Private Limited,1,5,1,9,5,
1048,603940,37801.18079,"1mg Immune Support Herbal Formulation with Giloy, Tulsi, and Turmeric Capsule",Tata 1mg Healthcare Solutions Private Limited,1,29,4,9,5,
1116,547345,396720.5085,"Tata 1mg Milk Thistle Capsules for Liver Detox, 70% Silymarin with Dandelion & Ginger",Tata 1mg Healthcare Solutions Private Limited,1,6,2,9,19,
1116,465556,253581.3571,1mg Shilajit Pure Natural Extract 500mg Capsule,Tata 1mg Healthcare Solutions Private Limited,1,9,4,9,19,
4,640252,19754.18644,1mg Fenugreek Oil Gluten Free for Blood Sugar Management 500mg Capsule,Tata 1mg Healthcare Solutions Private Limited,1,29,4,7,12,
1055,630381,157652.4802,Tata 1mg Ortho Electric Heating Gel Pad with Auto-Cut & Quick Heating Feature,Tata 1mg Healthcare Solutions Private Limited,1,1,1,7,13,
1350,503408,411422.2655,"Tata 1mg Hair, Skin & Nails Supreme Collagen, Biotin, Zinc, Iron and Vitamin B Capsule",Tata 1mg Healthcare Solutions Private Limited,1,11,3,7,2,
1350,503413,70352.42857,1mg Karela Pure Natural Extract 500mg Capsule,Tata 1mg Healthcare Solutions Private Limited,1,22,4,7,2,
1143,536094,950151.1695,"Tata 1mg Calcium + Vitamin D3, Zinc, Magnesium and Alfalfa Tablets for Joint Health & Immunity",Tata 1mg Healthcare Solutions Private Limited,1,1,1,6,,
1143,684767,714100.254,Tata 1mg 3 Ply Surgical Mask with Meltblown Filter and Nose Pin 50 Mask Light Blue,Tata 1mg Healthcare Solutions Private Limited,1,2,2,6,,
1143,551156,602624.4237,Tata 1mg Biotin + Tablet,Tata 1mg Healthcare Solutions Private Limited,1,3,3,6,,
1143,555713,555709.2599,"Tata 1mg Senior 50+ Multivitamin & Multimineral Immunity Booster Zinc, Vitamin C, Calcium, and Vitamin D Veg Tablet",Tata 1mg Healthcare Solutions Private Limited,1,4,4,6,,
660,635359,133313.6071,Tata 1mg Cold Pressed Karela Jamun Juice Supports Healthy Blood Sugar Levels Enriched with Jamun Seed Extract,Tata 1mg Healthcare Solutions Private Limited,1,14,3,5,10,
660,623709,21159.35714,1mg Compressor Nebulizer with Unique Virtual Valve Technology,Tata 1mg Healthcare Solutions Private Limited,1,38,4,5,10,
386,555721,1051290.311,"Tata 1mg Women's Multivitamin, Zinc, Vitamin C, Calcium, Vitamin D, and Iron  Immunity Booster Tablet",Tata 1mg Healthcare Solutions Private Limited,1,7,2,4,2,
386,547345,396720.5085,"Tata 1mg Milk Thistle Capsules for Liver Detox, 70% Silymarin with Dandelion & Ginger",Tata 1mg Healthcare Solutions Private Limited,1,28,4,4,2,
112,628744,6118.937853,"1mg Body Lotion with Shea Butter, Vitamin E, Prebiotics and Active Silver Nanoparticles for Germ Protection",Tata 1mg Healthcare Solutions Private Limited,1,37,4,3,5,
757,547345,396720.5085,"Tata 1mg Milk Thistle Capsules for Liver Detox, 70% Silymarin with Dandelion & Ginger",Tata 1mg Healthcare Solutions Private Limited,1,3,1,3,9,
757,465556,253581.3571,1mg Shilajit Pure Natural Extract 500mg Capsule,Tata 1mg Healthcare Solutions Private Limited,1,4,2,3,9,
757,465533,193481.9524,1mg Ashwagandha Pure Natural Extract 500mg Capsule,Tata 1mg Healthcare Solutions Private Limited,1,6,4,3,9,
765,603942,158834.5028,1mg Turmeric Curcumin 95% with Piperine Capsule,Tata 1mg Healthcare Solutions Private Limited,1,1,1,3,,
765,603949,117769.7288,"Tata 1mg CoQ 10 Tablet 99% Ubiquinone with Zinc, Omega 3 & L-Arginine for Heart Health",Tata 1mg Healthcare Solutions Private Limited,1,3,2,3,,
765,603940,37801.18079,"1mg Immune Support Herbal Formulation with Giloy, Tulsi, and Turmeric Capsule",Tata 1mg Healthcare Solutions Private Limited,1,7,4,3,,
856,555721,1051290.311,"Tata 1mg Women's Multivitamin, Zinc, Vitamin C, Calcium, Vitamin D, and Iron  Immunity Booster Tablet",Tata 1mg Healthcare Solutions Private Limited,1,2,1,3,1,
856,503409,760143.2655,"Tata 1mg Multivitamin Supreme, Zinc, Calcium and Vitamin D Immunity Booster Capsule",Tata 1mg Healthcare Solutions Private Limited,1,3,2,3,1,
856,555713,555709.2599,"Tata 1mg Senior 50+ Multivitamin & Multimineral Immunity Booster Zinc, Vitamin C, Calcium, and Vitamin D Veg Tablet",Tata 1mg Healthcare Solutions Private Limited,1,6,3,3,1,
1070,541676,192843.9167,Tata 1mg Noni Juice Plus Immunity Booster & Joint Health Support Rich in Antioxidants,Tata 1mg Healthcare Solutions Private Limited,1,2,1,3,,
1255,547345,396720.5085,"Tata 1mg Milk Thistle Capsules for Liver Detox, 70% Silymarin with Dandelion & Ginger",Tata 1mg Healthcare Solutions Private Limited,1,1,1,3,,
1255,465556,253581.3571,1mg Shilajit Pure Natural Extract 500mg Capsule,Tata 1mg Healthcare Solutions Private Limited,1,2,2,3,,
1255,465533,193481.9524,1mg Ashwagandha Pure Natural Extract 500mg Capsule,Tata 1mg Healthcare Solutions Private Limited,1,3,3,3,,
1361,503411,1735788.537,Tata 1mg Salmon Omega 3 Fish Oil Capsule,Tata 1mg Healthcare Solutions Private Limited,1,1,1,3,,
1361,551156,602624.4237,Tata 1mg Biotin + Tablet,Tata 1mg Healthcare Solutions Private Limited,1,2,2,3,,
1361,744197,66055.15254,Tata 1mg Flaxseed Oil 1000mg Omega 3 Capsule for Heart Health,Tata 1mg Healthcare Solutions Private Limited,1,3,3,3,,
369,538067,345298.0395,Tata 1mg Apple Cider Vinegar Probiotic Plus - Raw Unfiltered Unpasteurized with The Mother,Tata 1mg Healthcare Solutions Private Limited,1,3,1,1,2,
512,628485,15614.20339,"1mg Waterless Face Wash with Aloe Vera, Witch Hazel, Prebiotics, Menthol and Active Silver Nanoparticles for Germ Protection",Tata 1mg Healthcare Solutions Private Limited,1,27,4,1,1,
753,555721,1051290.311,"Tata 1mg Women's Multivitamin, Zinc, Vitamin C, Calcium, Vitamin D, and Iron  Immunity Booster Tablet",Tata 1mg Healthcare Solutions Private Limited,1,1,1,1,1,
753,536094,950151.1695,"Tata 1mg Calcium + Vitamin D3, Zinc, Magnesium and Alfalfa Tablets for Joint Health & Immunity",Tata 1mg Healthcare Solutions Private Limited,1,2,2,1,1,
753,503409,760143.2655,"Tata 1mg Multivitamin Supreme, Zinc, Calcium and Vitamin D Immunity Booster Capsule",Tata 1mg Healthcare Solutions Private Limited,1,3,3,1,1,
857,555721,1051290.311,"Tata 1mg Women's Multivitamin, Zinc, Vitamin C, Calcium, Vitamin D, and Iron  Immunity Booster Tablet",Tata 1mg Healthcare Solutions Private Limited,1,2,1,1,,
857,536094,950151.1695,"Tata 1mg Calcium + Vitamin D3, Zinc, Magnesium and Alfalfa Tablets for Joint Health & Immunity",Tata 1mg Healthcare Solutions Private Limited,1,3,2,1,,
857,503409,760143.2655,"Tata 1mg Multivitamin Supreme, Zinc, Calcium and Vitamin D Immunity Booster Capsule",Tata 1mg Healthcare Solutions Private Limited,1,4,3,1,,
858,608738,18576.14286,1mg Sanitizing Wipes (70 Each) Buy 3 Get 1 Free,Tata 1mg Healthcare Solutions Private Limited,1,21,4,1,,
859,708642,339468.9167,"Tata 1mg Vaporizer-Steam Inhaler, 3 in 1 with Double Wall Safety",Tata 1mg Healthcare Solutions Private Limited,1,2,1,1,,
859,630370,236083.3333,"Tata 1mg Vitamin C+Vitamin D3, Zinc and Amla Extract Chewable Tablet",Tata 1mg Healthcare Solutions Private Limited,1,4,2,1,,
91,630381,157652.4802,Tata 1mg Ortho Electric Heating Gel Pad with Auto-Cut & Quick Heating Feature,Tata 1mg Healthcare Solutions Private Limited,1,1,1,,101,
116,684767,714100.254,Tata 1mg 3 Ply Surgical Mask with Meltblown Filter and Nose Pin 50 Mask Light Blue,Tata 1mg Healthcare Solutions Private Limited,1,1,1,,,
116,708642,339468.9167,"Tata 1mg Vaporizer-Steam Inhaler, 3 in 1 with Double Wall Safety",Tata 1mg Healthcare Solutions Private Limited,1,3,2,,,
116,701787,159285.7143,Tata 1mg BIS Approved FFP2 N95 Mask White - Ear Loop 5 Layer,Tata 1mg Healthcare Solutions Private Limited,1,10,3,,,
366,555721,1051290.311,"Tata 1mg Women's Multivitamin, Zinc, Vitamin C, Calcium, Vitamin D, and Iron  Immunity Booster Tablet",Tata 1mg Healthcare Solutions Private Limited,1,2,1,,1,
366,536094,950151.1695,"Tata 1mg Calcium + Vitamin D3, Zinc, Magnesium and Alfalfa Tablets for Joint Health & Immunity",Tata 1mg Healthcare Solutions Private Limited,1,3,2,,1,
366,551156,602624.4237,Tata 1mg Biotin + Tablet,Tata 1mg Healthcare Solutions Private Limited,1,6,3,,1,
568,503411,1735788.537,Tata 1mg Salmon Omega 3 Fish Oil Capsule,Tata 1mg Healthcare Solutions Private Limited,1,1,1,,,
568,555721,1051290.311,"Tata 1mg Women's Multivitamin, Zinc, Vitamin C, Calcium, Vitamin D, and Iron  Immunity Booster Tablet",Tata 1mg Healthcare Solutions Private Limited,1,4,2,,,
568,551156,602624.4237,Tata 1mg Biotin + Tablet,Tata 1mg Healthcare Solutions Private Limited,1,11,3,,,
568,535187,483102.6901,"Tata 1mg Glucosamine HCL 1500 mg Tablets for Joint Health with Boswellia Serrata, Collagen Peptide, L-Arginine, and Curcuma Longa",Tata 1mg Healthcare Solutions Private Limited,1,17,4,,,
653,723271,760155.5678,Tata 1mg Digital Thermometer,Tata 1mg Healthcare Solutions Private Limited,1,13,3,,,
653,538067,345298.0395,Tata 1mg Apple Cider Vinegar Probiotic Plus - Raw Unfiltered Unpasteurized with The Mother,Tata 1mg Healthcare Solutions Private Limited,1,28,4,,,
704,547345,396720.5085,"Tata 1mg Milk Thistle Capsules for Liver Detox, 70% Silymarin with Dandelion & Ginger",Tata 1mg Healthcare Solutions Private Limited,1,1,1,,,
704,465556,253581.3571,1mg Shilajit Pure Natural Extract 500mg Capsule,Tata 1mg Healthcare Solutions Private Limited,1,2,2,,,
704,465533,193481.9524,1mg Ashwagandha Pure Natural Extract 500mg Capsule,Tata 1mg Healthcare Solutions Private Limited,1,4,3,,,
710,535187,483102.6901,"Tata 1mg Glucosamine HCL 1500 mg Tablets for Joint Health with Boswellia Serrata, Collagen Peptide, L-Arginine, and Curcuma Longa",Tata 1mg Healthcare Solutions Private Limited,1,2,1,,,
710,503408,411422.2655,"Tata 1mg Hair, Skin & Nails Supreme Collagen, Biotin, Zinc, Iron and Vitamin B Capsule",Tata 1mg Healthcare Solutions Private Limited,1,3,2,,,
710,542972,6745.762712,Tata 1mg Probiotics 25 Billion CFUs Capsule,Tata 1mg Healthcare Solutions Private Limited,1,24,4,,,
760,465533,193481.9524,1mg Ashwagandha Pure Natural Extract 500mg Capsule,Tata 1mg Healthcare Solutions Private Limited,1,2,1,,,
760,503415,131727.0476,1mg Gokshura Pure Natural Extract 500mg Capsule,Tata 1mg Healthcare Solutions Private Limited,1,3,2,,,
760,503414,37351.19048,1mg Triphala Pure Natural Extract 500mg Capsule,Tata 1mg Healthcare Solutions Private Limited,1,22,4,,,
861,503408,411422.2655,"Tata 1mg Hair, Skin & Nails Supreme Collagen, Biotin, Zinc, Iron and Vitamin B Capsule",Tata 1mg Healthcare Solutions Private Limited,1,14,3,,3,
936,555751,183038.8247,"1mg Sports Multivitamin Energy & Immunity Booster Zinc, Vitamin C, Vitamin D, Calcium and Iron Tablet",Tata 1mg Healthcare Solutions Private Limited,1,1,1,,1,
936,603949,117769.7288,"Tata 1mg CoQ 10 Tablet 99% Ubiquinone with Zinc, Omega 3 & L-Arginine for Heart Health",Tata 1mg Healthcare Solutions Private Limited,1,2,2,,1,
936,628380,57750.0113,1mg Super Antioxidant Multiminerals with Betacarotene Capsule,Tata 1mg Healthcare Solutions Private Limited,1,3,3,,1,
956,635345,186683.0238,Tata 1mg Cold Pressed Aloe Vera Juice Rejuvenates Skin & Hair with Extra Fibre,Tata 1mg Healthcare Solutions Private Limited,1,9,2,,,
1270,661700,23752.52381,1mg Hydration Drink Mix Electrolytes Orange,Tata 1mg Healthcare Solutions Private Limited,1,29,4,,,
1284,465556,253581.3571,1mg Shilajit Pure Natural Extract 500mg Capsule,Tata 1mg Healthcare Solutions Private Limited,1,1,1,,,
1284,630370,236083.3333,"Tata 1mg Vitamin C+Vitamin D3, Zinc and Amla Extract Chewable Tablet",Tata 1mg Healthcare Solutions Private Limited,1,2,2,,,
1284,465533,193481.9524,1mg Ashwagandha Pure Natural Extract 500mg Capsule,Tata 1mg Healthcare Solutions Private Limited,1,3,3,,,
1305,503411,1735788.537,Tata 1mg Salmon Omega 3 Fish Oil Capsule,Tata 1mg Healthcare Solutions Private Limited,1,1,1,,,
1305,536094,950151.1695,"Tata 1mg Calcium + Vitamin D3, Zinc, Magnesium and Alfalfa Tablets for Joint Health & Immunity",Tata 1mg Healthcare Solutions Private Limited,1,5,2,,,
1305,503409,760143.2655,"Tata 1mg Multivitamin Supreme, Zinc, Calcium and Vitamin D Immunity Booster Capsule",Tata 1mg Healthcare Solutions Private Limited,1,6,3,,,
1306,503409,760143.2655,"Tata 1mg Multivitamin Supreme, Zinc, Calcium and Vitamin D Immunity Booster Capsule",Tata 1mg Healthcare Solutions Private Limited,1,2,1,,,
1306,465556,253581.3571,1mg Shilajit Pure Natural Extract 500mg Capsule,Tata 1mg Healthcare Solutions Private Limited,1,8,2,,,
1307,555721,1051290.311,"Tata 1mg Women's Multivitamin, Zinc, Vitamin C, Calcium, Vitamin D, and Iron  Immunity Booster Tablet",Tata 1mg Healthcare Solutions Private Limited,1,3,1,,,
1307,551156,602624.4237,Tata 1mg Biotin + Tablet,Tata 1mg Healthcare Solutions Private Limited,1,6,2,,,
1307,503408,411422.2655,"Tata 1mg Hair, Skin & Nails Supreme Collagen, Biotin, Zinc, Iron and Vitamin B Capsule",Tata 1mg Healthcare Solutions Private Limited,1,12,3,,,
1307,695704,201983.0226,"Tata 1mg Women's Multivitamin, Zinc, Vitamin C, Calcium, Vitamin D, and Iron  Immunity Booster Tablet",Tata 1mg Healthcare Solutions Private Limited,1,37,4,,,
1314,503409,760143.2655,"Tata 1mg Multivitamin Supreme, Zinc, Calcium and Vitamin D Immunity Booster Capsule",Tata 1mg Healthcare Solutions Private Limited,1,1,1,,,
1315,503411,1735788.537,Tata 1mg Salmon Omega 3 Fish Oil Capsule,Tata 1mg Healthcare Solutions Private Limited,1,1,1,,,
1315,536094,950151.1695,"Tata 1mg Calcium + Vitamin D3, Zinc, Magnesium and Alfalfa Tablets for Joint Health & Immunity",Tata 1mg Healthcare Solutions Private Limited,1,8,2,,,
1315,503409,760143.2655,"Tata 1mg Multivitamin Supreme, Zinc, Calcium and Vitamin D Immunity Booster Capsule",Tata 1mg Healthcare Solutions Private Limited,1,10,4,,,
1316,465556,253581.3571,1mg Shilajit Pure Natural Extract 500mg Capsule,Tata 1mg Healthcare Solutions Private Limited,1,4,1,,,
1317,723271,760155.5678,Tata 1mg Digital Thermometer,Tata 1mg Healthcare Solutions Private Limited,1,3,1,,12,
1317,635359,133313.6071,Tata 1mg Cold Pressed Karela Jamun Juice Supports Healthy Blood Sugar Levels Enriched with Jamun Seed Extract,Tata 1mg Healthcare Solutions Private Limited,1,16,4,,12,
1318,536094,950151.1695,"Tata 1mg Calcium + Vitamin D3, Zinc, Magnesium and Alfalfa Tablets for Joint Health & Immunity",Tata 1mg Healthcare Solutions Private Limited,1,3,1,,,
1318,551156,602624.4237,Tata 1mg Biotin + Tablet,Tata 1mg Healthcare Solutions Private Limited,1,5,2,,,
1318,538067,345298.0395,Tata 1mg Apple Cider Vinegar Probiotic Plus - Raw Unfiltered Unpasteurized with The Mother,Tata 1mg Healthcare Solutions Private Limited,1,20,4,,,
1320,503411,1735788.537,Tata 1mg Salmon Omega 3 Fish Oil Capsule,Tata 1mg Healthcare Solutions Private Limited,1,1,1,,,
1320,503409,760143.2655,"Tata 1mg Multivitamin Supreme, Zinc, Calcium and Vitamin D Immunity Booster Capsule",Tata 1mg Healthcare Solutions Private Limited,1,3,2,,,
1320,547345,396720.5085,"Tata 1mg Milk Thistle Capsules for Liver Detox, 70% Silymarin with Dandelion & Ginger",Tata 1mg Healthcare Solutions Private Limited,1,12,3,,,
1347,551156,602624.4237,Tata 1mg Biotin + Tablet,Tata 1mg Healthcare Solutions Private Limited,1,1,1,,,
1347,723019,551345.6667,Tata 1mg Blood Pressure Monitor Fully Automatic,Tata 1mg Healthcare Solutions Private Limited,1,2,2,,,
1347,723271,380077.7839,Tata 1mg Digital Thermometer,Tata 1mg Healthcare Solutions Private Limited,1,3,3,,,
1377,605115,32386.63492,1mg Joint Pain Capsule with Shallaki & Methi for Anti-inflammation & Cartilage Support,Tata 1mg Healthcare Solutions Private Limited,1,22,4,,,
1378,503411,1735788.537,Tata 1mg Salmon Omega 3 Fish Oil Capsule,Tata 1mg Healthcare Solutions Private Limited,1,1,1,,1722,
1378,536094,950151.1695,"Tata 1mg Calcium + Vitamin D3, Zinc, Magnesium and Alfalfa Tablets for Joint Health & Immunity",Tata 1mg Healthcare Solutions Private Limited,1,2,2,,1722,
1378,503409,760143.2655,"Tata 1mg Multivitamin Supreme, Zinc, Calcium and Vitamin D Immunity Booster Capsule",Tata 1mg Healthcare Solutions Private Limited,1,3,3,,1722,
1378,684767,714100.254,Tata 1mg 3 Ply Surgical Mask with Meltblown Filter and Nose Pin 50 Mask Light Blue,Tata 1mg Healthcare Solutions Private Limited,1,4,4,,1722,
1381,555721,1051290.311,"Tata 1mg Women's Multivitamin, Zinc, Vitamin C, Calcium, Vitamin D, and Iron  Immunity Booster Tablet",Tata 1mg Healthcare Solutions Private Limited,1,1,1,,6,
1381,503409,760143.2655,"Tata 1mg Multivitamin Supreme, Zinc, Calcium and Vitamin D Immunity Booster Capsule",Tata 1mg Healthcare Solutions Private Limited,1,2,2,,6,
1381,684767,714100.254,Tata 1mg 3 Ply Surgical Mask with Meltblown Filter and Nose Pin 50 Mask Light Blue,Tata 1mg Healthcare Solutions Private Limited,1,4,3,,6,
1381,538067,345298.0395,Tata 1mg Apple Cider Vinegar Probiotic Plus - Raw Unfiltered Unpasteurized with The Mother,Tata 1mg Healthcare Solutions Private Limited,1,5,4,,6,
1388,555721,1051290.311,"Tata 1mg Women's Multivitamin, Zinc, Vitamin C, Calcium, Vitamin D, and Iron  Immunity Booster Tablet",Tata 1mg Healthcare Solutions Private Limited,1,3,1,,405,
1388,536094,950151.1695,"Tata 1mg Calcium + Vitamin D3, Zinc, Magnesium and Alfalfa Tablets for Joint Health & Immunity",Tata 1mg Healthcare Solutions Private Limited,1,4,2,,405,
1388,695704,201983.0226,"Tata 1mg Women's Multivitamin, Zinc, Vitamin C, Calcium, Vitamin D, and Iron  Immunity Booster Tablet",Tata 1mg Healthcare Solutions Private Limited,1,16,4,,405,
1394,723271,380077.7839,Tata 1mg Digital Thermometer,Tata 1mg Healthcare Solutions Private Limited,1,13,3,,19,
1394,635345,186683.0238,Tata 1mg Cold Pressed Aloe Vera Juice Rejuvenates Skin & Hair with Extra Fibre,Tata 1mg Healthcare Solutions Private Limited,1,21,4,,19,